"","S","L","Top","Bas","Int","Can","Herb","Omn","Loop","ChLen","ChSD","ChNum","TL","MxSim","VulSD","GenSD","LinkSD","Path","Clust"
"1",207,3577,0.130434782608696,0.0483091787439614,0.821256038647343,0.0821256038647343,0.352657004830918,0.507246376811594,0.072463768115942,1.5985401459854,0.491992557550694,2.13672056715641,2.42814478227626,0.826255411061235,0.455726648193358,0.786368596527038,0.74607944674533,1.49509460406447,0.284200105656914
"2",207,3577,0.140096618357488,0.0531400966183575,0.806763285024155,0.072463768115942,0.367149758454106,0.454106280193237,0.0821256038647343,1.60294117647059,0.491097210935101,2.13353890837022,2.3914407329798,0.820053682642885,0.455656042867175,0.790132525702962,0.749986778375756,1.48738309511205,0.286822050690796
"3",207,3577,0.140096618357488,0.0579710144927536,0.801932367149758,0.0772946859903382,0.314009661835749,0.521739130434783,0.0821256038647343,1.5503355704698,0.499137656508815,2.17318626841227,2.41385170240535,0.823350981178529,0.452376643978787,0.786868854194779,0.748373916388457,1.48277062304212,0.295864014656604
"4",206,3577,0.135922330097087,0.0631067961165049,0.800970873786408,0.0728155339805825,0.33495145631068,0.485436893203884,0.0825242718446602,1.53459119496855,0.50037801171267,2.20139712432045,2.38788901089262,0.826332731924973,0.449553870514584,0.785360178695351,0.739638969291866,1.47903876512892,0.287764020265093
"5",207,3577,0.140096618357488,0.0531400966183575,0.806763285024155,0.072463768115942,0.338164251207729,0.48792270531401,0.0821256038647343,1.56291390728477,0.497676721582694,2.17897694729317,2.41541635168131,0.824367121781381,0.454331892379061,0.787383761636814,0.748482457413416,1.49433106575964,0.290185376716486
"6",207,3577,0.140096618357488,0.0628019323671498,0.797101449275362,0.072463768115942,0.318840579710145,0.492753623188406,0.0821256038647343,1.53503184713376,0.500367331995182,2.19589965240923,2.41645059738105,0.827842413314054,0.44879537682955,0.787789664272082,0.74351589690416,1.47959362410229,0.288884111194421
"7",206,3577,0.135922330097087,0.0533980582524272,0.810679611650486,0.0776699029126214,0.330097087378641,0.519417475728155,0.0825242718446602,1.57342657342657,0.510309357838293,2.15533603746506,2.42087196456351,0.826543417108924,0.457443385028408,0.783165432086933,0.742303648239998,1.4965867320147,0.285672929360212
"8",206,3577,0.135922330097087,0.0485436893203883,0.815533980582524,0.0728155339805825,0.349514563106796,0.509708737864078,0.0825242718446602,1.58518518518519,0.494525027439419,2.13033376849501,2.423793028826,0.824349296987663,0.452492988471453,0.785116044144837,0.745319240355273,1.50875350140056,0.297497971203166
"9",207,3577,0.140096618357488,0.0483091787439614,0.811594202898551,0.0772946859903382,0.328502415458937,0.531400966183575,0.0821256038647343,1.57971014492754,0.495403606051702,2.13987908640124,2.43861003217114,0.823680336706214,0.454817617101557,0.784624686104087,0.749326764655688,1.49641169263084,0.300057523129532
"10",207,3577,0.1256038647343,0.0579710144927536,0.816425120772947,0.0772946859903382,0.342995169082126,0.483091787439614,0.0821256038647343,1.55944055944056,0.49819925905568,2.15533603746506,2.40902635361384,0.824873782228141,0.449876853283249,0.789189784047294,0.747864137577381,1.50052539404553,0.29304225504687
"11",207,3577,0.130434782608696,0.0531400966183575,0.816425120772947,0.0772946859903382,0.342995169082126,0.507246376811594,0.0821256038647343,1.56338028169014,0.497722311887135,2.15228834438306,2.4230409097959,0.824460241183543,0.449740101450719,0.789849429135931,0.748532808664428,1.48240056318198,0.292732594942838
"12",207,3577,0.130434782608696,0.0483091787439614,0.821256038647343,0.0772946859903382,0.342995169082126,0.521739130434783,0.0821256038647343,1.58208955223881,0.495065993363269,2.12710479836481,2.4241720985499,0.829991775414387,0.458087823139201,0.78217487872555,0.745601570369226,1.48727915194346,0.29539883754099
"13",206,3577,0.12621359223301,0.0485436893203883,0.825242718446602,0.0776699029126214,0.339805825242718,0.509708737864078,0.0728155339805825,1.62015503875969,0.487240290590991,2.11058971029925,2.43471359203599,0.818108310869147,0.451435428598214,0.784664771983957,0.742287154424745,1.47797086185712,0.286509717183789
"14",206,3577,0.12621359223301,0.0485436893203883,0.825242718446602,0.0728155339805825,0.514563106796116,0.300970873786408,0.0728155339805825,1.6015625,0.491500094119711,2.10720996964787,2.43578741599246,0.832095854790804,0.454839576025768,0.782826836472717,0.742479043382991,1.48446876103071,0.289889228889628
"15",206,3577,0.121359223300971,0.0679611650485437,0.810679611650486,0.0679611650485437,0.330097087378641,0.524271844660194,0.0825242718446602,1.59701492537313,0.492338336278563,2.12710479836481,2.39511802445619,0.81774978967678,0.453385006139914,0.783654487044254,0.742725390341359,1.48816827344435,0.29058577290687
"16",207,3577,0.140096618357488,0.0483091787439614,0.811594202898551,0.0772946859903382,0.347826086956522,0.502415458937198,0.0821256038647343,1.60740740740741,0.490146129539885,2.13033376849501,2.42576445189487,0.832406312953718,0.452367578855627,0.790124551226092,0.747803818175905,1.49832362802188,0.288326149665231
"17",206,3577,0.131067961165049,0.0436893203883495,0.825242718446602,0.0776699029126214,0.349514563106796,0.509708737864078,0.0825242718446602,1.61068702290076,0.489466256933461,2.11727129565576,2.43956860614538,0.824315335251423,0.446115529589518,0.787178063576303,0.741869188789084,1.48879551820728,0.297262146649984
"18",206,3577,0.135922330097087,0.0485436893203883,0.815533980582524,0.0776699029126214,0.378640776699029,0.485436893203884,0.0825242718446602,1.60869565217391,0.489820205487265,2.13987908640124,2.41677871083373,0.831033965879601,0.447640649708985,0.78695510015311,0.741577573331169,1.48836389280677,0.287798695711747
"19",207,3577,0.144927536231884,0.0531400966183575,0.801932367149758,0.0821256038647343,0.328502415458937,0.516908212560386,0.0821256038647343,1.56,0.49804988833968,2.17609125905568,2.43181108132133,0.826724986450937,0.455429437357792,0.783200227645083,0.745485257021429,1.48986722571628,0.294970730599352
"20",207,3577,0.140096618357488,0.0531400966183575,0.806763285024155,0.0772946859903382,0.338164251207729,0.51207729468599,0.0821256038647343,1.57823129251701,0.495530296656503,2.16731733474818,2.43024159887973,0.811538809515745,0.451441980085132,0.790684881083232,0.750469678502364,1.47796312554873,0.289632628052516
"21",207,3577,0.140096618357488,0.0579710144927536,0.801932367149758,0.0821256038647343,0.342995169082126,0.502415458937198,0.0821256038647343,1.53741496598639,0.500302769201186,2.16731733474818,2.41278544843469,0.826906304867495,0.45397661835041,0.788437341434447,0.747870156221363,1.48671476332923,0.292274681880296
"22",205,3577,0.126829268292683,0.0439024390243902,0.829268292682927,0.0780487804878049,0.341463414634146,0.521951219512195,0.0731707317073171,1.60606060606061,0.490483104386053,2.12057393120585,2.45037556472811,0.825710356316015,0.44568290894944,0.78039698200857,0.733130386883675,1.48828261629941,0.293424257694044
"23",207,3577,0.130434782608696,0.0531400966183575,0.816425120772947,0.0821256038647343,0.333333333333333,0.521739130434783,0.0821256038647343,1.62237762237762,0.500762739414442,2.15533603746506,2.41470624277998,0.831977178161724,0.457200830002563,0.784289163264087,0.744857542527533,1.4797332865415,0.288196416858812
"24",207,3577,0.135265700483092,0.0531400966183575,0.811594202898551,0.0821256038647343,0.328502415458937,0.516908212560386,0.072463768115942,1.6,0.491722528237338,2.13033376849501,2.42660497586822,0.831808969153457,0.456203581591817,0.786259015118851,0.744323017733441,1.47751719273497,0.283005714419856
"25",207,3577,0.1256038647343,0.0531400966183575,0.821256038647343,0.0772946859903382,0.323671497584541,0.507246376811594,0.0821256038647343,1.58394160583942,0.494712271789539,2.13672056715641,2.42603284496668,0.825999253974606,0.454844665440154,0.783646728771106,0.744192238321493,1.48624496232697,0.292275340467857
"26",207,3577,0.144927536231884,0.0579710144927536,0.797101449275362,0.0772946859903382,0.328502415458937,0.521739130434783,0.0821256038647343,1.56578947368421,0.497291373695582,2.18184358794477,2.419219744322,0.821924051137532,0.456796914113829,0.785549224680496,0.746492038686356,1.49291834236755,0.28653771984111
"27",207,3577,0.140096618357488,0.0628019323671498,0.797101449275362,0.0821256038647343,0.328502415458937,0.521739130434783,0.072463768115942,1.55414012738854,0.511344437815255,2.19589965240923,2.39940750250956,0.828023362103846,0.45398565641987,0.785736989230497,0.748051185433245,1.49509632224168,0.291244380509546
"28",207,3577,0.130434782608696,0.0531400966183575,0.816425120772947,0.0821256038647343,0.352657004830918,0.51207729468599,0.072463768115942,1.61654135338346,0.488066756972641,2.12385164096709,2.41843240006004,0.831266569852571,0.456167604014988,0.785350466679125,0.748062155492641,1.48275862068966,0.287916089247882
"29",206,3577,0.12621359223301,0.058252427184466,0.815533980582524,0.0825242718446602,0.538834951456311,0.300970873786408,0.0825242718446602,1.56493506493506,0.510354543882741,2.18752072083646,2.41107440809366,0.818741140692444,0.447317342801027,0.786697649325736,0.742589895829371,1.48507724719101,0.290139369942947
"30",206,3577,0.12621359223301,0.0728155339805825,0.800970873786408,0.0825242718446602,0.296116504854369,0.529126213592233,0.0825242718446602,1.54491017964072,0.511395289855227,2.22271647114758,2.39849891885703,0.831122302527667,0.450419443884262,0.78415536630402,0.742650380672051,1.48250524842547,0.285165381310493
"31",205,3577,0.131707317073171,0.0487804878048781,0.819512195121951,0.0780487804878049,0.55609756097561,0.302439024390244,0.0829268292682927,1.58208955223881,0.495065993363269,2.12710479836481,2.42986915777215,0.827389838549952,0.451549336939599,0.782564144573132,0.741776851272526,1.48623048587967,0.293203175422967
"32",206,3577,0.12621359223301,0.058252427184466,0.815533980582524,0.0728155339805825,0.33495145631068,0.5,0.0825242718446602,1.55194805194805,0.524463096668795,2.18752072083646,2.41085246998534,0.82393640038998,0.454722982742739,0.787077364711207,0.74741774861855,1.4922216395735,0.293006903937793
"33",207,3577,0.140096618357488,0.0579710144927536,0.801932367149758,0.072463768115942,0.333333333333333,0.516908212560386,0.072463768115942,1.53293413173653,0.512311453859581,2.22271647114758,2.41787019449155,0.824425088237478,0.450108498244629,0.788689190017682,0.74507425384263,1.50768961901433,0.28963773232205
"34",206,3577,0.121359223300971,0.058252427184466,0.820388349514563,0.0728155339805825,0.310679611650485,0.524271844660194,0.0825242718446602,1.56944444444444,0.510762186225655,2.15836249209525,2.41713077928646,0.822515656452357,0.454624303532773,0.785090067916417,0.744897734149597,1.48492286115007,0.289936685989642
"35",207,3577,0.140096618357488,0.0483091787439614,0.811594202898551,0.0676328502415459,0.541062801932367,0.289855072463768,0.0821256038647343,1.56115107913669,0.512384421943404,2.14301480025409,2.43023709290194,0.834396737684054,0.453421715578208,0.791673425110164,0.74898456872816,1.49498680738786,0.286643301706767
"36",206,3577,0.131067961165049,0.0485436893203883,0.820388349514563,0.0679611650485437,0.349514563106796,0.509708737864078,0.0825242718446602,1.6015037593985,0.49143959251552,2.12385164096709,2.42173674576665,0.821880051435092,0.457484481336458,0.782441499101742,0.73994295269134,1.48773168578994,0.282207856171751
"37",207,3577,0.135265700483092,0.0483091787439614,0.816425120772947,0.0821256038647343,0.333333333333333,0.531400966183575,0.0821256038647343,1.58518518518519,0.494525027439419,2.13033376849501,2.43451308499029,0.82386686586973,0.45687763658905,0.786843272945511,0.748539197471695,1.47971905179982,0.289030477239245
"38",207,3577,0.140096618357488,0.0579710144927536,0.801932367149758,0.0821256038647343,0.338164251207729,0.507246376811594,0.0821256038647343,1.62,0.487012533774739,2.17609125905568,2.40688936955261,0.816375185458737,0.453126234900226,0.785496740823349,0.745705382494031,1.47790881886992,0.282295167150609
"39",207,3577,0.130434782608696,0.0483091787439614,0.821256038647343,0.072463768115942,0.347826086956522,0.51207729468599,0.072463768115942,1.61068702290076,0.504937453612889,2.11727129565576,2.43486973518969,0.831024168858505,0.451490427614617,0.78775324565512,0.747589376511411,1.50711150131694,0.297782964267137
"40",207,3577,0.1256038647343,0.0531400966183575,0.821256038647343,0.0772946859903382,0.338164251207729,0.51207729468599,0.072463768115942,1.59859154929577,0.533420105816964,2.15228834438306,2.42538588145554,0.822060145910003,0.452621333675682,0.78452537709469,0.744418131098459,1.48421052631579,0.288578251267153
"41",206,3577,0.121359223300971,0.058252427184466,0.820388349514563,0.0776699029126214,0.310679611650485,0.538834951456311,0.0825242718446602,1.59285714285714,0.493065999805746,2.14612803567824,2.42481871369854,0.81917895584655,0.446654939389023,0.782268622367614,0.737870114849982,1.48557777384534,0.29020433305841
"42",206,3577,0.131067961165049,0.0436893203883495,0.825242718446602,0.0728155339805825,0.354368932038835,0.514563106796116,0.0825242718446602,1.62015503875969,0.487240290590991,2.11058971029925,2.43063022558238,0.830678997471003,0.457432777369581,0.777714418484543,0.74175354788595,1.48547427371369,0.295570893046132
"43",207,3577,0.130434782608696,0.0531400966183575,0.816425120772947,0.0821256038647343,0.342995169082126,0.516908212560386,0.0821256038647343,1.59420289855072,0.492834512125421,2.13987908640124,2.42326368771498,0.826737909665168,0.453334454851279,0.786159856873677,0.745941944928124,1.48643444775074,0.291898727055177
"44",207,3577,0.144927536231884,0.0483091787439614,0.806763285024155,0.0821256038647343,0.323671497584541,0.521739130434783,0.0821256038647343,1.60689655172414,0.504101947969218,2.16136800223497,2.43290511137201,0.825303222669862,0.457371312230072,0.782109775896671,0.741262777606407,1.5010478519036,0.281006262614452
"45",207,3577,0.1256038647343,0.0579710144927536,0.816425120772947,0.0821256038647343,0.347826086956522,0.502415458937198,0.0821256038647343,1.61805555555556,0.4875588940976,2.15836249209525,2.39633470886629,0.827523319973819,0.450428835223943,0.79038128136494,0.746733608298503,1.48213342721352,0.29023391661382
"46",205,3577,0.131707317073171,0.0585365853658537,0.809756097560976,0.0731707317073171,0.336585365853659,0.517073170731707,0.0829268292682927,1.6056338028169,0.490444095741653,2.15228834438306,2.40938690791086,0.826690256697015,0.446614467647921,0.784019158733033,0.739230438802942,1.490711531721,0.296675591661511
"47",207,3577,0.130434782608696,0.0579710144927536,0.811594202898551,0.0676328502415459,0.328502415458937,0.502415458937198,0.0821256038647343,1.58,0.495211974137196,2.17609125905568,2.42119121338683,0.837559376141576,0.455449827148351,0.788505705606128,0.748317051673307,1.4966631541974,0.288117769252771
"48",207,3577,0.1256038647343,0.0531400966183575,0.821256038647343,0.0772946859903382,0.338164251207729,0.507246376811594,0.0821256038647343,1.61068702290076,0.489466256933461,2.11727129565576,2.41044750159578,0.830019655099157,0.457720643382231,0.78268326789117,0.745238481938273,1.48308071906944,0.289971332698399
"49",207,3577,0.130434782608696,0.0483091787439614,0.821256038647343,0.0821256038647343,0.323671497584541,0.497584541062802,0.0821256038647343,1.58955223880597,0.493760871275225,2.12710479836481,2.43172254222653,0.825468372008124,0.455528529182539,0.787093536393686,0.74767810764582,1.49229691876751,0.292103332954308
"50",206,3577,0.135922330097087,0.0485436893203883,0.815533980582524,0.0679611650485437,0.330097087378641,0.533980582524272,0.0825242718446602,1.59027777777778,0.493498916960494,2.15836249209525,2.43878421258907,0.829792519001252,0.448103331141721,0.781758692203088,0.737083648360345,1.48211453744493,0.287672109408883
"51",207,3577,0.130434782608696,0.0676328502415459,0.801932367149758,0.0821256038647343,0.328502415458937,0.483091787439614,0.072463768115942,1.52631578947368,0.500957605125571,2.18184358794477,2.38784837595154,0.821420206420312,0.448237260092929,0.788947179174034,0.744918134527095,1.49500613281934,0.290048098589732
"52",207,3577,0.130434782608696,0.0531400966183575,0.816425120772947,0.0676328502415459,0.342995169082126,0.521739130434783,0.0821256038647343,1.61267605633803,0.503161516153142,2.15228834438306,2.41476917848787,0.832853556248543,0.457451039036243,0.787190299306336,0.749022850841594,1.49674008810573,0.291466674560859
"53",206,3577,0.12621359223301,0.0485436893203883,0.825242718446602,0.0728155339805825,0.339805825242718,0.514563106796116,0.0825242718446602,1.60606060606061,0.490483104386053,2.12057393120585,2.43322230006137,0.830571269327689,0.455887573731645,0.783732913330512,0.74186901508181,1.48146186440678,0.28398237231688
"54",206,3577,0.131067961165049,0.058252427184466,0.810679611650486,0.0825242718446602,0.325242718446602,0.514563106796116,0.0825242718446602,1.54088050314465,0.499900475725044,2.20139712432045,2.40148838050268,0.833283071956152,0.453230120842493,0.786074537471141,0.744336474870357,1.4850521846807,0.292766449771731
"55",207,3577,0.144927536231884,0.0531400966183575,0.801932367149758,0.072463768115942,0.342995169082126,0.492753623188406,0.072463768115942,1.57241379310345,0.496443288500628,2.16136800223497,2.43870233143599,0.82468876896391,0.451463193613226,0.786779724278568,0.747019000079613,1.49325389872087,0.291017741210391
"56",207,3577,0.135265700483092,0.0579710144927536,0.806763285024155,0.0676328502415459,0.318840579710145,0.497584541062802,0.0821256038647343,1.54609929078014,0.499645264233458,2.14921911265538,2.41484158075673,0.827168333226242,0.456976208608513,0.785643316464358,0.745113441510606,1.50564174894217,0.278560748111521
"57",206,3577,0.131067961165049,0.0485436893203883,0.820388349514563,0.0728155339805825,0.330097087378641,0.514563106796116,0.0825242718446602,1.61538461538462,0.488386290505504,2.11394335230684,2.42845973617592,0.824767891974894,0.451554552116406,0.789194044015897,0.748017799031521,1.50131555867392,0.296924270687954
"58",207,3577,0.1256038647343,0.0531400966183575,0.821256038647343,0.0772946859903382,0.328502415458937,0.507246376811594,0.072463768115942,1.60992907801418,0.489504846691168,2.14921911265538,2.41341910319584,0.826475810636729,0.4554303183111,0.781508755835522,0.742631153223462,1.49025803054239,0.291077569065068
"59",207,3577,0.130434782608696,0.0531400966183575,0.816425120772947,0.0772946859903382,0.328502415458937,0.502415458937198,0.0821256038647343,1.63888888888889,0.481999203654147,2.15836249209525,2.42290771807256,0.828675003393374,0.449384351928672,0.785199386145281,0.741824503193239,1.48908450704225,0.290248131068996
"60",206,3577,0.135922330097087,0.0533980582524272,0.810679611650486,0.0776699029126214,0.325242718446602,0.519417475728155,0.0728155339805825,1.57046979865772,0.523179385765364,2.17318626841227,2.41528007422514,0.833718008699465,0.454974379932786,0.782904837496556,0.744093797677308,1.49781964067678,0.297707489208536
"61",207,3577,0.140096618357488,0.0483091787439614,0.811594202898551,0.072463768115942,0.333333333333333,0.516908212560386,0.0821256038647343,1.5886524822695,0.508090571029216,2.14921911265538,2.43847684089769,0.829983573646706,0.453293295662589,0.787368145818183,0.745459210605515,1.49158190108734,0.285524248588887
"62",207,3577,0.1256038647343,0.0579710144927536,0.816425120772947,0.0772946859903382,0.338164251207729,0.516908212560386,0.0821256038647343,1.58741258741259,0.494030154303933,2.15533603746506,2.41467890466659,0.83091819781654,0.455178129459554,0.782788049342209,0.744908247969589,1.49806814190376,0.289893661974324
"63",207,3577,0.130434782608696,0.0531400966183575,0.816425120772947,0.0772946859903382,0.338164251207729,0.507246376811594,0.072463768115942,1.60294117647059,0.491097210935101,2.13353890837022,2.41863382421029,0.82967062332639,0.455484340613159,0.787098129133464,0.749354127444699,1.48962148962149,0.29070867962593
"64",207,3577,0.140096618357488,0.0628019323671498,0.797101449275362,0.072463768115942,0.347826086956522,0.492753623188406,0.0821256038647343,1.58024691358025,0.4950487153609,2.20951501454263,2.39493763380069,0.825768033625441,0.451944086029713,0.788236955671096,0.748509835688608,1.48526315789474,0.293233980235776
"65",207,3577,0.140096618357488,0.0483091787439614,0.811594202898551,0.0772946859903382,0.352657004830918,0.497584541062802,0.0821256038647343,1.57246376811594,0.496523404663263,2.13987908640124,2.41763866339015,0.824386420926051,0.455979246812066,0.788404763402313,0.751168786246468,1.49947220267417,0.296784135042271
"66",207,3577,0.130434782608696,0.0676328502415459,0.801932367149758,0.072463768115942,0.342995169082126,0.492753623188406,0.0821256038647343,1.53846153846154,0.5,2.22788670461367,2.27897492616413,0.835905905132913,0.447597454761772,0.792773539545624,0.747271335657925,1.47512526843236,0.290673911214399
"67",207,3577,0.135265700483092,0.0531400966183575,0.811594202898551,0.072463768115942,0.526570048309179,0.29951690821256,0.072463768115942,1.57931034482759,0.49538096335101,2.16136800223497,2.41894216916066,0.82577627511507,0.453772248603229,0.786915152277584,0.745426222101319,1.48028990631077,0.288455874871478
"68",206,3577,0.12621359223301,0.058252427184466,0.815533980582524,0.0776699029126214,0.344660194174757,0.519417475728155,0.0825242718446602,1.63846153846154,0.51344476018853,2.11394335230684,2.41140934857603,0.819186204606706,0.4539596447482,0.788509344459158,0.748190523302106,1.48047836792121,0.290278979400163
"69",204,3577,0.127450980392157,0.0490196078431373,0.823529411764706,0.0784313725490196,0.32843137254902,0.519607843137255,0.0833333333333333,1.56944444444444,0.510762186225655,2.15836249209525,2.43254869491596,0.829072398805547,0.44521207560246,0.781383813984105,0.733878621442249,1.48132561809574,0.294276676953294
"70",207,3577,0.130434782608696,0.0628019323671498,0.806763285024155,0.072463768115942,0.342995169082126,0.51207729468599,0.0821256038647343,1.56209150326797,0.497758995787979,2.1846914308176,2.41504769162802,0.828096047814098,0.45487282754223,0.784290991372362,0.744617547219786,1.48893960674157,0.288952361861696
"71",207,3577,0.135265700483092,0.0483091787439614,0.816425120772947,0.0676328502415459,0.314009661835749,0.516908212560386,0.0821256038647343,1.6015037593985,0.49143959251552,2.12385164096709,2.43198817459641,0.829855661400516,0.456913458265623,0.787231926832754,0.747900920208232,1.47646645591851,0.291179664645521
"72",206,3577,0.12621359223301,0.0533980582524272,0.820388349514563,0.0631067961165049,0.349514563106796,0.480582524271845,0.0825242718446602,1.57241379310345,0.510239970588552,2.16136800223497,2.41604742276561,0.830507139524786,0.452917904156953,0.784599692652622,0.74041140327931,1.48206751054852,0.287525117718953
"73",207,3577,0.130434782608696,0.0579710144927536,0.811594202898551,0.0772946859903382,0.352657004830918,0.51207729468599,0.0821256038647343,1.59602649006623,0.505685118718752,2.17897694729317,2.41700808743351,0.827101267106678,0.457783353457622,0.785695379708179,0.748762868734178,1.46800143010368,0.288036660088479
"74",207,3577,0.130434782608696,0.0628019323671498,0.806763285024155,0.072463768115942,0.309178743961353,0.502415458937198,0.0821256038647343,1.54248366013072,0.499827971782281,2.1846914308176,2.41648787600879,0.829490797030929,0.454025076375092,0.787919717019902,0.749483850730871,1.49412177575013,0.295114541690546
"75",206,3577,0.131067961165049,0.058252427184466,0.810679611650486,0.0825242718446602,0.339805825242718,0.495145631067961,0.0825242718446602,1.55474452554745,0.498817838217005,2.13672056715641,2.39884770226915,0.824191197042548,0.455476932650554,0.783816814141895,0.742314902612297,1.49553493258624,0.289369204768528
"76",206,3577,0.131067961165049,0.058252427184466,0.810679611650486,0.0728155339805825,0.325242718446602,0.524271844660194,0.0825242718446602,1.5448275862069,0.513421398625972,2.16136800223497,2.41647442268397,0.824949863960222,0.45203303715875,0.785334210542085,0.741682059184761,1.48412698412698,0.289610012846824
"77",207,3577,0.130434782608696,0.0483091787439614,0.821256038647343,0.0821256038647343,0.342995169082126,0.502415458937198,0.0821256038647343,1.6044776119403,0.490797367439948,2.12710479836481,2.42483209559868,0.82593171122133,0.459367506113381,0.783802470387513,0.750504473886622,1.49068106601637,0.296354644308406
"78",206,3577,0.135922330097087,0.0533980582524272,0.810679611650486,0.0631067961165049,0.344660194174757,0.485436893203884,0.0825242718446602,1.57718120805369,0.509122297919735,2.17318626841227,2.41401407596466,0.827206751768102,0.459056222572921,0.785165497933817,0.746592594184383,1.48852286665499,0.287446983870341
"79",207,3577,0.140096618357488,0.0579710144927536,0.801932367149758,0.072463768115942,0.318840579710145,0.526570048309179,0.072463768115942,1.55974842767296,0.497985752535677,2.20139712432045,2.41204255292038,0.824649868013353,0.454205581477429,0.784139430050213,0.746530543439483,1.4755539922617,0.294391343299902
"80",206,3577,0.145631067961165,0.0485436893203883,0.805825242718447,0.0728155339805825,0.359223300970874,0.5,0.0728155339805825,1.58333333333333,0.50866615647324,2.15836249209525,2.42761110337163,0.835758821167842,0.446037942753001,0.786081749939285,0.739412836666729,1.49296270232231,0.291165592699256
"81",207,3577,0.130434782608696,0.0579710144927536,0.811594202898551,0.0772946859903382,0.314009661835749,0.502415458937198,0.0821256038647343,1.55172413793103,0.499041226346952,2.16136800223497,2.41614091282768,0.825084070737507,0.452177169288447,0.78705644774878,0.744770607266357,1.50228070175439,0.28885144928603
"82",207,3577,0.135265700483092,0.0628019323671498,0.801932367149758,0.0772946859903382,0.314009661835749,0.526570048309179,0.0821256038647343,1.50980392156863,0.501545598740632,2.1846914308176,2.42153573519917,0.829038176567558,0.452249715719297,0.787972928898773,0.747853170775348,1.47854265195306,0.29484119854658
"83",207,3577,0.1256038647343,0.0628019323671498,0.811594202898551,0.072463768115942,0.309178743961353,0.521739130434783,0.0821256038647343,1.56209150326797,0.497758995787979,2.1846914308176,2.41240004619959,0.824118938951049,0.456644392141741,0.778379293824664,0.743185083371345,1.47736842105263,0.288646810400326
"84",207,3577,0.135265700483092,0.0531400966183575,0.811594202898551,0.072463768115942,0.357487922705314,0.48792270531401,0.0821256038647343,1.59459459459459,0.492637464331632,2.17026171539496,2.40415259955167,0.829108194583452,0.456339130931339,0.789120390410924,0.749964918969465,1.47281742518151,0.284809803103453
"85",205,3577,0.131707317073171,0.0439024390243902,0.824390243902439,0.0780487804878049,0.331707317073171,0.517073170731707,0.0829268292682927,1.59701492537313,0.492338336278563,2.12710479836481,2.43771298724282,0.825344579820743,0.455632288327792,0.774965663316216,0.733866807552824,1.49167980381853,0.292518532113375
"86",207,3577,0.130434782608696,0.0483091787439614,0.821256038647343,0.0772946859903382,0.342995169082126,0.521739130434783,0.072463768115942,1.61538461538462,0.504008972859332,2.11394335230684,2.43017937934721,0.824555991581958,0.456716111149624,0.788389159046489,0.749830080130018,1.49131426566064,0.29585813586265
"87",206,3577,0.131067961165049,0.0533980582524272,0.815533980582524,0.0825242718446602,0.315533980582524,0.514563106796116,0.0825242718446602,1.56834532374101,0.497098242298331,2.14301480025409,2.42059471786941,0.828028808226042,0.448065263903138,0.782956755041148,0.738581415957773,1.49449973808277,0.289586591657664
"88",207,3577,0.130434782608696,0.0579710144927536,0.811594202898551,0.072463768115942,0.318840579710145,0.51207729468599,0.0821256038647343,1.58904109589041,0.493701471667917,2.16435285578444,2.41439510862018,0.830641188780844,0.452143551531876,0.783621810207997,0.741197101535434,1.49171463457178,0.285455634792652
"89",207,3577,0.1256038647343,0.0531400966183575,0.821256038647343,0.072463768115942,0.338164251207729,0.507246376811594,0.0821256038647343,1.62142857142857,0.486772621240463,2.14612803567824,2.41113803728658,0.82954860684149,0.457155696276277,0.785705892670466,0.747008027033954,1.49150464179366,0.281085136138923
"90",206,3577,0.12621359223301,0.0533980582524272,0.820388349514563,0.0776699029126214,0.325242718446602,0.504854368932039,0.0825242718446602,1.55395683453237,0.498877898431601,2.14301480025409,2.4316156602093,0.822378125064038,0.447613298177633,0.784950778569637,0.740597345161262,1.48015387305473,0.291407164040536
"91",207,3577,0.135265700483092,0.0579710144927536,0.806763285024155,0.0772946859903382,0.338164251207729,0.48792270531401,0.0821256038647343,1.54966887417219,0.499182554741306,2.17897694729317,2.40814381785828,0.821768261526903,0.451678097151299,0.790430706577726,0.749299400867448,1.50176928520878,0.296476932980216
"92",207,3577,0.144927536231884,0.0483091787439614,0.806763285024155,0.0772946859903382,0.371980676328502,0.497584541062802,0.0821256038647343,1.6056338028169,0.490444095741653,2.15228834438306,2.44130192428291,0.825552090468615,0.450614596038084,0.791457277575451,0.751190622879591,1.48421606453876,0.296125874131439
"93",207,3577,0.130434782608696,0.0531400966183575,0.816425120772947,0.0772946859903382,0.347826086956522,0.51207729468599,0.0821256038647343,1.65248226950355,0.50689271339966,2.14921911265538,2.42661398161357,0.829792448119894,0.454664312788221,0.786086732511403,0.746711743937694,1.50166930240731,0.289424549445003
"94",206,3577,0.12621359223301,0.0485436893203883,0.825242718446602,0.0631067961165049,0.33495145631068,0.5,0.0825242718446602,1.60902255639098,0.489814226784076,2.12385164096709,2.41720357539473,0.823141822002892,0.456341250771211,0.779818182249898,0.742455568246489,1.50200593057736,0.295043300724569
"95",207,3577,0.135265700483092,0.0483091787439614,0.816425120772947,0.0821256038647343,0.342995169082126,0.516908212560386,0.0821256038647343,1.59558823529412,0.492592183071889,2.13353890837022,2.4335421106634,0.81893343874461,0.45639241733999,0.787864681589735,0.744940166759555,1.48281938325991,0.28073498831384
"96",207,3577,0.140096618357488,0.0579710144927536,0.801932367149758,0.0772946859903382,0.333333333333333,0.51207729468599,0.0821256038647343,1.53333333333333,0.500558971667007,2.17609125905568,2.41515545414744,0.834253693710116,0.455169120130627,0.785241166104655,0.746057930736751,1.49277405710257,0.292170452965027
"97",207,3577,0.140096618357488,0.0579710144927536,0.801932367149758,0.072463768115942,0.328502415458937,0.502415458937198,0.0821256038647343,1.53503184713376,0.500367331995182,2.19589965240923,2.40806871261173,0.82737577535333,0.465348231956816,0.781930627426769,0.748882080860029,1.48582429121456,0.287032699985609
"98",207,3577,0.135265700483092,0.0628019323671498,0.801932367149758,0.0676328502415459,0.342995169082126,0.497584541062802,0.0821256038647343,1.57232704402516,0.50889703886221,2.20139712432045,2.38110785805881,0.825561083438386,0.45091235711392,0.790523937887168,0.746711478992759,1.48862044817927,0.290082797040018
"99",207,3577,0.1256038647343,0.0579710144927536,0.816425120772947,0.0772946859903382,0.333333333333333,0.51207729468599,0.0821256038647343,1.63829787234043,0.482206176186684,2.14921911265538,2.40782435603176,0.827928773843225,0.450204888202207,0.788103024434328,0.74584353112476,1.49349964862966,0.285428665797887
"100",206,3577,0.12621359223301,0.0533980582524272,0.820388349514563,0.0776699029126214,0.330097087378641,0.519417475728155,0.0825242718446602,1.58169934640523,0.494900030906925,2.1846914308176,2.41410728676989,0.837939439058702,0.452167096864762,0.785153520109662,0.740966459639065,1.49691412449303,0.287521265023133
"101",207,3048,0.159420289855072,0.072463768115942,0.768115942028985,0.0676328502415459,0.376811594202899,0.473429951690821,0.072463768115942,1.54644808743169,0.551497418407428,2.26245108973043,2.38729640010976,0.707476298213872,0.461064843070806,0.788667579567735,0.755134098013278,1.578125,0.246974704898536
"102",207,3048,0.144927536231884,0.0772946859903382,0.777777777777778,0.0628019323671498,0.376811594202899,0.48792270531401,0.072463768115942,1.57777777777778,0.517358520379784,2.25527250510331,2.36759729830627,0.700107891786118,0.459684503608946,0.792961846060779,0.752536091278638,1.61051660516605,0.244642194067076
"103",206,3048,0.135922330097087,0.0631067961165049,0.800970873786408,0.0631067961165049,0.37378640776699,0.446601941747573,0.0728155339805825,1.56410256410256,0.534964420637692,2.19312459835446,2.41773020646924,0.694442823543634,0.463367965322465,0.787572765819256,0.754837134915945,1.56873961985606,0.250873339289719
"104",207,3048,0.140096618357488,0.072463768115942,0.78743961352657,0.072463768115942,0.333333333333333,0.502415458937198,0.072463768115942,1.62841530054645,0.506725321897889,2.26245108973043,2.39973648199674,0.689078953965943,0.465452282889051,0.789924056945781,0.755275438820789,1.59880574734092,0.250591075080893
"105",206,3048,0.135922330097087,0.0728155339805825,0.79126213592233,0.0679611650485437,0.524271844660194,0.300970873786408,0.0825242718446602,1.55757575757576,0.544949260913066,2.21748394421391,2.38495076116129,0.704959366628419,0.458425617007598,0.782176239854752,0.743455271837329,1.56533827618165,0.249548834873949
"106",206,3048,0.135922330097087,0.0776699029126214,0.786407766990291,0.0679611650485437,0.538834951456311,0.300970873786408,0.0825242718446602,1.54497354497354,0.49929591313256,2.27646180417324,2.39149740297063,0.69635781226858,0.456816250911455,0.781931822751073,0.747166495043385,1.57255404910224,0.254115055868134
"107",205,3048,0.136585365853659,0.0829268292682927,0.780487804878049,0.0731707317073171,0.346341463414634,0.482926829268293,0.0829268292682927,1.54497354497354,0.509837922033284,2.27646180417324,2.38837080130988,0.70752903380313,0.449035279027893,0.776286432120833,0.728609025000541,1.56292611018979,0.24088615074352
"108",204,3048,0.137254901960784,0.0833333333333333,0.779411764705882,0.0637254901960784,0.53921568627451,0.303921568627451,0.0833333333333333,1.53125,0.500327118124623,2.28330122870355,2.37942132818248,0.707482800681337,0.441570344005457,0.777113112899232,0.72991340881027,1.58793324775353,0.254031006486052
"109",207,3048,0.140096618357488,0.0917874396135266,0.768115942028986,0.0579710144927536,0.371980676328502,0.454106280193237,0.0821256038647343,1.50793650793651,0.52205656760269,2.27646180417324,2.34856882347416,0.695519302429528,0.450792650206168,0.79004750374404,0.752635684112892,1.5740878629933,0.256970665821904
"110",205,3048,0.126829268292683,0.0634146341463415,0.809756097560976,0.0585365853658537,0.370731707317073,0.492682926829268,0.0829268292682927,1.59574468085106,0.492496894903269,2.14921911265538,2.42677080175817,0.702475014475747,0.449215066912344,0.782127477374949,0.736439080367592,1.59048852701702,0.250319313703841
"111",207,3048,0.14975845410628,0.0772946859903382,0.772946859903382,0.0676328502415459,0.386473429951691,0.458937198067633,0.072463768115942,1.57368421052632,0.495847417714498,2.27875360095283,2.36329648333794,0.701773406372402,0.447257978181696,0.786896356564792,0.741134600066439,1.59581113356605,0.239168114372736
"112",206,3048,0.12621359223301,0.0922330097087379,0.781553398058253,0.0728155339805825,0.368932038834951,0.470873786407767,0.0825242718446602,1.53757225433526,0.544559670352607,2.2380461031288,2.3472837326798,0.694580175390091,0.456094736492154,0.786094083807642,0.748878415423378,1.59209080922739,0.249446114886686
"113",206,3048,0.140776699029126,0.0679611650485437,0.79126213592233,0.0679611650485437,0.402912621359223,0.451456310679612,0.0728155339805825,1.6,0.516397779494322,2.20411998265592,2.39107288466982,0.705929263677767,0.460224846111599,0.785411164790961,0.74535845071394,1.60241625480505,0.244020780348726
"114",207,3048,0.144927536231884,0.072463768115942,0.782608695652174,0.0628019323671498,0.376811594202899,0.468599033816425,0.072463768115942,1.5273631840796,0.500497265165166,2.30319605742049,2.36125560978357,0.701429843465142,0.457221692111657,0.781523900159223,0.743395834505917,1.60433654558933,0.253459811387644
"115",207,3048,0.144927536231884,0.072463768115942,0.782608695652174,0.0579710144927536,0.352657004830918,0.502415458937198,0.072463768115942,1.55828220858896,0.510363698799084,2.21218760440396,2.39048256294282,0.687582561430862,0.46622247441659,0.792279472165956,0.755516102781021,1.5657237936772,0.243779180888146
"116",205,3048,0.141463414634146,0.0634146341463415,0.795121951219512,0.0585365853658537,0.375609756097561,0.463414634146341,0.0731707317073171,1.65730337078652,0.487675830194408,2.25042000230889,2.39756149671131,0.690853951835137,0.454974377615545,0.776858952574632,0.738189625533949,1.57892791127542,0.251233249251011
"117",206,3048,0.131067961165049,0.0631067961165049,0.805825242718447,0.0728155339805825,0.378640776699029,0.480582524271845,0.0728155339805825,1.59859154929577,0.519954432740659,2.15228834438306,2.40998917396583,0.683189500425126,0.4574495167475,0.789079834440556,0.744591731285041,1.59781602813252,0.240523702377277
"118",207,3048,0.14975845410628,0.0821256038647343,0.768115942028985,0.0676328502415459,0.36231884057971,0.48792270531401,0.072463768115942,1.52222222222222,0.522729787546425,2.25527250510331,2.37895648704625,0.711052997346053,0.465491208346164,0.787513509743978,0.755044320967921,1.61987237921604,0.242223593991893
"119",206,3048,0.145631067961165,0.0776699029126214,0.776699029126214,0.0533980582524272,0.383495145631068,0.461165048543689,0.0728155339805825,1.58620689655172,0.516809333876837,2.2405492482826,2.39904403481158,0.691589112770807,0.45417489541553,0.787036464439941,0.745354045014612,1.58959325760352,0.248491199510293
"120",207,3048,0.144927536231884,0.0579710144927536,0.797101449275362,0.0676328502415459,0.391304347826087,0.458937198067633,0.0821256038647343,1.55944055944056,0.49819925905568,2.15533603746506,2.42074879245027,0.713761456266114,0.45786814345781,0.780430214101587,0.741416571007553,1.58490217792543,0.242824299481278
"121",206,3048,0.145631067961165,0.058252427184466,0.796116504854369,0.0533980582524272,0.398058252427184,0.456310679611651,0.0825242718446602,1.53061224489796,0.500768210523545,2.16731733474818,2.4310569295393,0.701250894377848,0.448568636427315,0.786729852396284,0.739762495373433,1.54875070448995,0.243420381995308
"122",205,3048,0.151219512195122,0.0634146341463415,0.785365853658537,0.0780487804878049,0.541463414634146,0.302439024390244,0.0829268292682927,1.64197530864198,0.518206222297209,2.20951501454263,2.40181832603851,0.700460660085013,0.451091189877844,0.779417755740223,0.736337139218088,1.59176448667785,0.261192001821013
"123",206,3048,0.160194174757282,0.0776699029126214,0.762135922330097,0.058252427184466,0.37378640776699,0.456310679611651,0.0825242718446602,1.54950495049505,0.527855656882385,2.30535136944662,2.38093473180742,0.701871018102221,0.451936074482112,0.787504197819088,0.744544271162585,1.59785819793205,0.245519450853092
"124",206,3048,0.145631067961165,0.0679611650485437,0.786407766990291,0.0728155339805825,0.344660194174757,0.514563106796116,0.0728155339805825,1.54761904761905,0.511069370937513,2.22530928172586,2.41214523138872,0.709459323835037,0.46231819054741,0.784682984960554,0.751607865267052,1.56871861632881,0.252779002258011
"125",205,3048,0.146341463414634,0.0585365853658537,0.795121951219512,0.0731707317073171,0.531707317073171,0.292682926829268,0.0731707317073171,1.61538461538462,0.516257891159236,2.15533603746506,2.41564392123823,0.695436097537696,0.458058630300501,0.779043699778,0.738219593837549,1.57613093048915,0.244829046563464
"126",207,3048,0.14975845410628,0.0869565217391304,0.763285024154589,0.0676328502415459,0.541062801932367,0.29951690821256,0.0821256038647343,1.54285714285714,0.508841849046518,2.32221929473392,2.36585091993856,0.699335881545482,0.450128544772639,0.787527856389018,0.753396512529469,1.59126911033339,0.263089583405089
"127",207,3048,0.135265700483092,0.072463768115942,0.792270531400966,0.0628019323671498,0.347826086956522,0.468599033816425,0.0821256038647343,1.5421686746988,0.534873642836004,2.22010808804005,2.38294303857769,0.700041050393451,0.459537107131685,0.79058038820632,0.753892704515183,1.59937199852235,0.257853083916108
"128",207,3048,0.14975845410628,0.0579710144927536,0.792270531400966,0.0579710144927536,0.396135265700483,0.420289855072464,0.0821256038647343,1.59602649006623,0.518701043595375,2.17897694729317,2.39813527039641,0.709514810464164,0.458916811343419,0.788546475746013,0.753250099041913,1.58289865871833,0.248315642468507
"129",205,3048,0.121951219512195,0.0829268292682927,0.795121951219512,0.0682926829268293,0.360975609756098,0.468292682926829,0.0829268292682927,1.54166666666667,0.499750436720165,2.22530928172586,2.39311403891441,0.694446169496891,0.446120551643906,0.778957188890419,0.730675835187426,1.577810596271,0.247717418777608
"130",205,3048,0.136585365853659,0.0585365853658537,0.804878048780488,0.0634146341463415,0.51219512195122,0.302439024390244,0.0829268292682927,1.5974025974026,0.492021049014113,2.18752072083646,2.41767243183968,0.699498202974575,0.457749450888537,0.787700440229923,0.742752920315438,1.60299279512285,0.238537224637214
"131",206,3048,0.140776699029126,0.0679611650485437,0.79126213592233,0.0631067961165049,0.543689320388349,0.300970873786408,0.0825242718446602,1.55704697986577,0.498410315275049,2.17318626841227,2.41229198421006,0.696182939717359,0.455825533150122,0.785072013962928,0.742810138672188,1.56942867953084,0.243291354355652
"132",207,3048,0.130434782608696,0.0676328502415459,0.801932367149758,0.0531400966183575,0.545893719806763,0.29951690821256,0.0821256038647343,1.58536585365854,0.563756452488643,2.2148438480477,2.40328001121198,0.699218718508858,0.46911745803457,0.781930294588298,0.750912630501579,1.54298728411463,0.246463972953449
"133",206,3048,0.140776699029126,0.0533980582524272,0.805825242718447,0.058252427184466,0.548543689320388,0.300970873786408,0.0825242718446602,1.59731543624161,0.49209237606819,2.17318626841227,2.41588417932356,0.708303094788688,0.459745037216608,0.788594269691822,0.748792791031829,1.63116406966086,0.249500734151737
"134",206,3048,0.150485436893204,0.0728155339805825,0.776699029126214,0.0631067961165049,0.368932038834951,0.461165048543689,0.0825242718446602,1.55747126436782,0.498119512067574,2.2405492482826,2.39082825658939,0.697275327698993,0.452981797597113,0.788699078987931,0.745407457123166,1.56949842679993,0.249274357239095
"135",207,3048,0.154589371980676,0.0676328502415459,0.777777777777778,0.0772946859903382,0.545893719806763,0.285024154589372,0.0821256038647343,1.54347826086957,0.531274238472673,2.26481782300954,2.38656832476582,0.702417223723783,0.462682705617599,0.788300707350578,0.747353988091643,1.60833486999816,0.241215701088133
"136",206,3048,0.150485436893204,0.087378640776699,0.762135922330097,0.058252427184466,0.37378640776699,0.456310679611651,0.0728155339805825,1.55434782608696,0.498393713500131,2.26481782300954,2.37904365609829,0.687162550486576,0.444545851831459,0.796415663168028,0.748807787225693,1.61405762525234,0.251391526474262
"137",207,3048,0.140096618357488,0.0917874396135266,0.768115942028986,0.0579710144927536,0.516908212560386,0.29951690821256,0.0821256038647343,1.52020202020202,0.510892480364861,2.29666519026153,2.35388577649581,0.701021087457174,0.439987811480938,0.797899250477893,0.748011485674381,1.57492128171884,0.244752175069337
"138",207,3048,0.14975845410628,0.0579710144927536,0.792270531400966,0.0579710144927536,0.570048309178744,0.29951690821256,0.072463768115942,1.61151079136691,0.517950131432379,2.14301480025409,2.40482446493428,0.708736074152814,0.467141235564294,0.788846909839675,0.755045513484586,1.58481391434449,0.245253073308164
"139",206,3048,0.145631067961165,0.0728155339805825,0.781553398058253,0.0728155339805825,0.354368932038835,0.470873786407767,0.0728155339805825,1.56923076923077,0.496458512585369,2.29003461136252,2.27280348298517,0.698087452496571,0.451644952930723,0.791102001530524,0.750101897013702,1.59304975313331,0.254051724904284
"140",206,3048,0.135922330097087,0.0825242718446602,0.781553398058253,0.0728155339805825,0.344660194174757,0.470873786407767,0.0728155339805825,1.55026455026455,0.498788355174726,2.27646180417324,2.38144953114062,0.685741753811097,0.444349088181702,0.785019873449712,0.74015102382011,1.59376140094856,0.235390769693488
"141",205,3048,0.136585365853659,0.0780487804878049,0.785365853658537,0.0634146341463415,0.351219512195122,0.48780487804878,0.0731707317073171,1.51871657754011,0.511609793231286,2.2718416065365,2.3903283364355,0.702219281296487,0.45387328726275,0.782858886736674,0.740845992810694,1.57007786429366,0.257410710388847
"142",205,3048,0.126829268292683,0.0682926829268293,0.804878048780488,0.0682926829268293,0.55609756097561,0.302439024390244,0.0731707317073171,1.58940397350993,0.532560145946702,2.17897694729317,2.39274192705529,0.694648493623733,0.443882630141133,0.797469060747058,0.749141038365758,1.57708920187793,0.256599510116828
"143",206,3048,0.150485436893204,0.0679611650485437,0.781553398058253,0.0679611650485437,0.553398058252427,0.300970873786408,0.0825242718446602,1.62424242424242,0.485792226382431,2.21748394421391,2.39489103163454,0.700320308659757,0.451318919675482,0.786798593489646,0.748527173005475,1.59157030958598,0.25924227667496
"144",206,3048,0.121359223300971,0.0776699029126214,0.800970873786408,0.0631067961165049,0.368932038834951,0.495145631067961,0.0825242718446602,1.58787878787879,0.529471420586639,2.21748394421391,2.39201141512159,0.701618690554953,0.444214948250894,0.785544193382597,0.743105058366987,1.5816364309515,0.260127725298604
"145",207,3048,0.144927536231884,0.0628019323671498,0.792270531400966,0.072463768115942,0.376811594202899,0.48792270531401,0.072463768115942,1.57534246575342,0.509707372956574,2.16435285578444,2.40784818378215,0.692344472212027,0.469045445348563,0.785467476531687,0.752065246868844,1.57602069092924,0.23710252761577
"146",206,3048,0.131067961165049,0.0631067961165049,0.805825242718447,0.0679611650485437,0.538834951456311,0.300970873786408,0.0728155339805825,1.62589928057554,0.485639893052575,2.14301480025409,2.38704883999526,0.696632023941169,0.456126545089219,0.79073301096272,0.749187825264557,1.59657521635058,0.255672136942685
"147",205,3048,0.121951219512195,0.0780487804878049,0.8,0.0731707317073171,0.35609756097561,0.482926829268293,0.0829268292682927,1.61931818181818,0.486939821343859,2.24551266781415,2.36865610534099,0.698945850789555,0.449234720662818,0.779726108169092,0.737916179272631,1.58876445749954,0.254836955620762
"148",205,3048,0.131707317073171,0.0878048780487805,0.780487804878049,0.0439024390243902,0.351219512195122,0.497560975609756,0.0829268292682927,1.53333333333333,0.512446705537522,2.21748394421391,2.36588213170983,0.683467531349573,0.456728862711495,0.78591005454799,0.74718308772809,1.56038291605302,0.260493481947403
"149",207,3048,0.154589371980676,0.101449275362319,0.743961352657005,0.072463768115942,0.338164251207729,0.463768115942029,0.0821256038647343,1.4859437751004,0.516661129399595,2.39619934709574,2.34863793505475,0.706003327547594,0.454987191792474,0.792075148468842,0.756083333668723,1.56904231625835,0.253456576694908
"150",207,3048,0.164251207729469,0.0628019323671498,0.772946859903382,0.0579710144927536,0.381642512077295,0.458937198067633,0.0821256038647343,1.5586592178771,0.530709077356087,2.25285303097989,2.41512242870913,0.705574933439966,0.458510945966627,0.784996982144165,0.745669718477289,1.59477845192131,0.24858707160404
"151",207,3048,0.159420289855072,0.0628019323671498,0.777777777777778,0.0579710144927536,0.396135265700483,0.463768115942029,0.0821256038647343,1.58201058201058,0.515601466471781,2.27646180417324,2.28462162593667,0.707349427429266,0.452167211719923,0.791317574156786,0.753549631849871,1.55782567947516,0.252416939559213
"152",207,3048,0.144927536231884,0.072463768115942,0.782608695652174,0.0628019323671498,0.541062801932367,0.29951690821256,0.0821256038647343,1.52469135802469,0.500938464426763,2.20951501454263,2.40810589285889,0.70760124491846,0.445286670103021,0.791814791965842,0.747991245919527,1.61030235162374,0.253377798721094
"153",206,3048,0.145631067961165,0.058252427184466,0.796116504854369,0.0631067961165049,0.548543689320388,0.300970873786408,0.0825242718446602,1.63513513513514,0.483026860123391,2.17026171539496,2.38726290358121,0.695076698595935,0.470443371511477,0.776834738730103,0.745942405659172,1.58588498879761,0.248980235105344
"154",206,3048,0.155339805825243,0.0728155339805825,0.771844660194175,0.0728155339805825,0.368932038834951,0.461165048543689,0.0825242718446602,1.51933701657459,0.533241244351669,2.25767857486918,2.37120742471589,0.708571643751647,0.455008007932288,0.787302604904465,0.745490281913796,1.57635009310987,0.247570478718731
"155",207,3048,0.14975845410628,0.0772946859903382,0.772946859903382,0.0676328502415459,0.531400966183575,0.304347826086957,0.072463768115942,1.55232558139535,0.498706336771368,2.23552844690755,2.38046249235515,0.692783311342007,0.455033988556729,0.790534883520858,0.750729922007584,1.59398634938203,0.251797626724897
"156",205,3048,0.136585365853659,0.0829268292682927,0.780487804878049,0.0487804878048781,0.551219512195122,0.302439024390244,0.0731707317073171,1.51912568306011,0.511854311074282,2.26245108973043,2.38617571125414,0.695633708989915,0.451093940302183,0.789181841211079,0.743343730855439,1.5966932937024,0.250475852943796
"157",205,3048,0.141463414634146,0.0682926829268293,0.790243902439024,0.0731707317073171,0.551219512195122,0.302439024390244,0.0731707317073171,1.59090909090909,0.51909469162289,2.18752072083646,2.41401862459272,0.704960141531621,0.442694231957019,0.791675576609222,0.741465908489351,1.58601450623024,0.24421653633686
"158",207,3048,0.14975845410628,0.0579710144927536,0.792270531400966,0.0579710144927536,0.391304347826087,0.458937198067633,0.0821256038647343,1.60365853658537,0.502983765109262,2.2148438480477,2.4063726889934,0.705738809312819,0.450867734344635,0.787193103391283,0.7411238581617,1.58780576852866,0.249030707647936
"159",204,3048,0.127450980392157,0.0735294117647059,0.799019607843137,0.0784313725490196,0.338235294117647,0.5,0.0735294117647059,1.58823529411765,0.544462697053684,2.1846914308176,2.40096229140273,0.701474269729714,0.457892975027583,0.777803974792578,0.736347062476353,1.5615441999254,0.253349967727684
"160",206,3048,0.131067961165049,0.087378640776699,0.781553398058253,0.0533980582524272,0.466019417475728,0.300970873786408,0.0825242718446602,1.53731343283582,0.509755575024596,2.30319605742049,2.26089044938363,0.703879750258217,0.442092565678024,0.786943780374473,0.740838740596841,1.57648359749355,0.251956019713983
"161",205,3048,0.151219512195122,0.0731707317073171,0.775609756097561,0.0585365853658537,0.35609756097561,0.458536585365854,0.0829268292682927,1.53260869565217,0.511102675012415,2.26481782300954,2.39876534687959,0.698700993708245,0.441764960071413,0.788197683887411,0.738136639706816,1.57486136783734,0.254496637588507
"162",206,3048,0.145631067961165,0.0776699029126214,0.776699029126214,0.0631067961165049,0.368932038834951,0.470873786407767,0.0728155339805825,1.5273631840796,0.500497265165166,2.30319605742049,2.37712766002597,0.70281990650502,0.453056208749055,0.785272367179693,0.74407972919798,1.58955778520996,0.251377676657295
"163",206,3048,0.155339805825243,0.0922330097087379,0.75242718446602,0.0728155339805825,0.383495145631068,0.456310679611651,0.0825242718446602,1.52830188679245,0.509763390328931,2.32633586092875,2.32996961075575,0.689260540779861,0.458100844217049,0.78748836661227,0.755117561294441,1.57222428518381,0.258251536572343
"164",205,3048,0.131707317073171,0.0682926829268293,0.8,0.0585365853658537,0.365853658536585,0.48780487804878,0.0829268292682927,1.58479532163743,0.494204457786078,2.23299611039215,2.39672229849348,0.694145995814807,0.449302126312956,0.785954399060824,0.738522592257778,1.56557225004637,0.249626043410854
"165",207,3048,0.144927536231884,0.0676328502415459,0.78743961352657,0.0579710144927536,0.391304347826087,0.468599033816425,0.0821256038647343,1.53548387096774,0.500355968803597,2.19033169817029,2.39797221461057,0.692443592189323,0.454531663515413,0.792941434224246,0.753497222203939,1.59642988590357,0.245599558436362
"166",205,3048,0.141463414634146,0.0829268292682927,0.775609756097561,0.0634146341463415,0.536585365853659,0.292682926829268,0.0829268292682927,1.55614973262032,0.508848731179558,2.2718416065365,2.36807435245261,0.703589326102238,0.451613335240244,0.778877841285778,0.730563595450088,1.60571216617211,0.241689176895048
"167",206,3048,0.140776699029126,0.0825242718446602,0.776699029126214,0.0728155339805825,0.529126213592233,0.300970873786408,0.0825242718446602,1.47191011235955,0.500618547127122,2.25042000230889,2.36620681709782,0.69949075822078,0.452429000396826,0.786680698692461,0.743192667575639,1.58861578266494,0.241514898927983
"168",207,3048,0.144927536231884,0.072463768115942,0.782608695652174,0.0531400966183575,0.400966183574879,0.468599033816425,0.072463768115942,1.6583850931677,0.560196283258286,2.20682587603185,2.37843978167727,0.703386705459115,0.449426895518196,0.791682752138299,0.752495188159611,1.57177344475395,0.254692109117691
"169",206,3048,0.140776699029126,0.058252427184466,0.800970873786408,0.0679611650485437,0.538834951456311,0.29126213592233,0.0728155339805825,1.58273381294964,0.494891007991081,2.14301480025409,2.4064089253014,0.696693021889135,0.456939303116758,0.779577192670885,0.740021773808403,1.58736059479554,0.246061748291964
"170",207,3048,0.154589371980676,0.072463768115942,0.772946859903382,0.072463768115942,0.381642512077295,0.458937198067633,0.072463768115942,1.55029585798817,0.510732930436977,2.22788670461367,2.38696517867909,0.703629056338991,0.454825648122524,0.788269238168583,0.750364604912112,1.58910983088645,0.256323198170225
"171",207,3048,0.144927536231884,0.0772946859903382,0.777777777777778,0.0821256038647343,0.36231884057971,0.473429951690821,0.072463768115942,1.57671957671958,0.516419579007999,2.27646180417324,2.37306073335904,0.701390704137685,0.457733694327837,0.786175105962078,0.749412299172898,1.58856191004997,0.251542055735328
"172",205,3048,0.121951219512195,0.0780487804878049,0.8,0.0634146341463415,0.375609756097561,0.453658536585366,0.0731707317073171,1.54696132596685,0.499170582785316,2.25767857486918,2.39344788074675,0.699309388601071,0.439262160870762,0.791057761409056,0.739191360095616,1.63280248947465,0.254807296434238
"173",207,3048,0.140096618357488,0.0966183574879227,0.763285024154589,0.0531400966183575,0.338164251207729,0.48792270531401,0.072463768115942,1.48924731182796,0.501233584343483,2.26951294421792,2.35385449733587,0.697535749827101,0.447226161756223,0.7939299631475,0.750867580089876,1.58493708364175,0.252601332790456
"174",205,3048,0.160975609756098,0.0682926829268293,0.770731707317073,0.0682926829268293,0.541463414634146,0.297560975609756,0.0829268292682927,1.63020833333333,0.494709135901948,2.28330122870355,2.3962988919244,0.703703237692952,0.446985047040443,0.778454254788207,0.740691529522872,1.58235077376566,0.261411656761608
"175",204,3048,0.151960784313725,0.0588235294117647,0.78921568627451,0.0686274509803922,0.392156862745098,0.455882352941176,0.0833333333333333,1.55056179775281,0.510040121498292,2.25042000230889,2.29045685802354,0.691081279451956,0.456839362217676,0.777178531056561,0.734013640912576,1.5909428359317,0.25562153867533
"176",207,3048,0.144927536231884,0.0579710144927536,0.797101449275362,0.072463768115942,0.536231884057971,0.294685990338164,0.0821256038647343,1.65217391304348,0.521818464295263,2.13987908640124,2.43530566891521,0.690119463129335,0.446648668946159,0.788233381167697,0.744351384783968,1.59996301091178,0.255212950686713
"177",205,3048,0.146341463414634,0.0585365853658537,0.795121951219512,0.0731707317073171,0.341463414634146,0.497560975609756,0.0829268292682927,1.64516129032258,0.51901424402883,2.19033169817029,2.43719358635052,0.696471719387251,0.459985694464007,0.775442178693435,0.735415845382359,1.59323600073923,0.248281676910101
"178",206,3048,0.16504854368932,0.0776699029126214,0.757281553398058,0.0728155339805825,0.519417475728155,0.305825242718447,0.0825242718446602,1.51578947368421,0.501070977762967,2.27875360095283,2.38563448721703,0.698467177874066,0.449196942527737,0.786695000908067,0.743760172758249,1.58280727812848,0.258960657554865
"179",205,3048,0.131707317073171,0.0731707317073171,0.795121951219512,0.0634146341463415,0.365853658536585,0.492682926829268,0.0731707317073171,1.62251655629139,0.574360187272814,2.17897694729317,2.39840164809195,0.695891234811087,0.456256859936928,0.779674242341192,0.738245272565814,1.58955087076077,0.249805037955538
"180",207,3048,0.140096618357488,0.0772946859903382,0.782608695652174,0.0434782608695652,0.371980676328502,0.483091787439614,0.072463768115942,1.56969696969697,0.508755564771417,2.21748394421391,2.39053094350166,0.691881392009018,0.455178761011679,0.779291824645931,0.743222779596828,1.56142643764003,0.253715761378399
"181",206,3048,0.150485436893204,0.0631067961165049,0.786407766990291,0.0728155339805825,0.398058252427184,0.456310679611651,0.0825242718446602,1.58720930232558,0.505477948021823,2.23552844690755,2.38268652764455,0.699962274060039,0.451657408759158,0.785986728837541,0.741487545956528,1.62721012469756,0.257372374796507
"182",206,3048,0.121359223300971,0.0776699029126214,0.800970873786408,0.058252427184466,0.364077669902913,0.466019417475728,0.0825242718446602,1.61494252873563,0.499717546956043,2.2405492482826,2.37875547177769,0.696043774450723,0.452023029831899,0.788708177122311,0.742717117333457,1.57615894039735,0.249435987641396
"183",206,3048,0.145631067961165,0.058252427184466,0.796116504854369,0.0679611650485437,0.553398058252427,0.296116504854369,0.0825242718446602,1.56578947368421,0.497291373695582,2.18184358794477,2.43731824361724,0.699429463404874,0.451069715215933,0.789145924872383,0.742993848859417,1.57463672391017,0.246345567870214
"184",207,3048,0.140096618357488,0.0821256038647343,0.777777777777778,0.0628019323671498,0.531400966183575,0.29951690821256,0.072463768115942,1.52717391304348,0.511422159596826,2.26481782300954,2.38010415803333,0.693718544766631,0.46279338273312,0.787683033838436,0.751530170190142,1.60672897196262,0.245394478575164
"185",207,3048,0.144927536231884,0.0579710144927536,0.797101449275362,0.0579710144927536,0.560386473429952,0.294685990338164,0.072463768115942,1.60377358490566,0.490657888555381,2.20139712432045,2.40888540659873,0.704814701685224,0.454457184721427,0.787135766457042,0.746781084847837,1.57734082397004,0.245499601414261
"186",204,3048,0.147058823529412,0.0735294117647059,0.779411764705882,0.0735294117647059,0.338235294117647,0.504901960784314,0.0833333333333333,1.54189944134078,0.499638938117149,2.25285303097989,2.39930162602759,0.702199134165013,0.460153307090384,0.774119520756457,0.732078386921903,1.60748858447489,0.245450182500335
"187",206,3048,0.140776699029126,0.0776699029126214,0.781553398058253,0.0631067961165049,0.364077669902913,0.466019417475728,0.0728155339805825,1.59146341463415,0.505358093171843,2.2148438480477,2.39170162644164,0.691811283542176,0.450668957961276,0.779988837074416,0.738828607043352,1.5773404450984,0.250419321813975
"188",207,3048,0.135265700483092,0.0772946859903382,0.78743961352657,0.0531400966183575,0.396135265700483,0.434782608695652,0.0821256038647343,1.59880239520958,0.527095705165454,2.22271647114758,2.33987334539566,0.70088183650752,0.466502201559087,0.784852233988461,0.749326730532305,1.60664206642066,0.251142002368208
"189",206,3048,0.131067961165049,0.0728155339805825,0.796116504854369,0.0485436893203883,0.398058252427184,0.451456310679612,0.0825242718446602,1.58503401360544,0.508065595686307,2.16731733474818,2.40194889238411,0.705719116787061,0.456043276155949,0.784713307212644,0.746304415161884,1.59351391192187,0.250503691622134
"190",205,3048,0.136585365853659,0.0731707317073171,0.790243902439024,0.0585365853658537,0.370731707317073,0.453658536585366,0.0731707317073171,1.52173913043478,0.501085777608724,2.20682587603185,2.39299592802961,0.698137243926291,0.448542897852947,0.781898838567214,0.732719583621675,1.6048071548351,0.252411466304064
"191",207,3048,0.144927536231884,0.0821256038647343,0.772946859903382,0.0676328502415459,0.381642512077295,0.473429951690821,0.072463768115942,1.58947368421053,0.55386543247727,2.27875360095283,2.36402638010142,0.691312573446402,0.455282216142775,0.78581157775895,0.749751051640683,1.58475203552924,0.256573795392133
"192",205,3048,0.131707317073171,0.0975609756097561,0.770731707317073,0.0682926829268293,0.517073170731707,0.302439024390244,0.0731707317073171,1.52331606217617,0.500755043036093,2.28555730900777,2.33235001007601,0.691491671510214,0.44519154605944,0.780514225133204,0.734608633626216,1.56574004507889,0.255396249199049
"193",206,3048,0.145631067961165,0.0825242718446602,0.771844660194175,0.0679611650485437,0.354368932038835,0.466019417475728,0.0825242718446602,1.57788944723618,0.505238785269502,2.29885307640971,2.36457963047651,0.701275324656292,0.451916449700595,0.787412857138584,0.742274668098434,1.58921933085502,0.249592415948969
"194",205,3048,0.121951219512195,0.0731707317073171,0.804878048780488,0.0731707317073171,0.365853658536585,0.468292682926829,0.0829268292682927,1.59281437125748,0.528189549569234,2.22271647114758,2.39725319182868,0.699667463358894,0.453007428811625,0.775362757163476,0.737339347624239,1.56948837209302,0.255650943757728
"195",205,3048,0.136585365853659,0.0829268292682927,0.780487804878049,0.0682926829268293,0.541463414634146,0.307317073170732,0.0829268292682927,1.55681818181818,0.520614023090966,2.24551266781415,2.37360164735513,0.700780471211831,0.444411694869443,0.7863630058388,0.741099307024947,1.57887899034892,0.25654089816931
"196",207,3048,0.135265700483092,0.0676328502415459,0.797101449275362,0.0628019323671498,0.376811594202899,0.478260869565217,0.0821256038647343,1.55151515151515,0.510930053516237,2.21748394421391,2.40372298127811,0.705033135591854,0.46020001950626,0.783205191004098,0.748873775570949,1.58673003107293,0.256687066073473
"197",207,3048,0.135265700483092,0.0676328502415459,0.797101449275362,0.0531400966183575,0.536231884057971,0.289855072463768,0.0821256038647343,1.55555555555556,0.498444786279227,2.20951501454263,2.4005310339325,0.695798137491329,0.459672149679603,0.787562915361983,0.747699765739134,1.58466154134633,0.240041372248032
"198",204,3048,0.137254901960784,0.0686274509803922,0.794117647058824,0.0637254901960784,0.553921568627451,0.303921568627451,0.0735294117647059,1.51479289940828,0.513003630309948,2.22788670461367,2.3983519289575,0.708080622800075,0.455757385733955,0.776432631168136,0.733396349825449,1.56833457804332,0.251533625435715
"199",206,3048,0.155339805825243,0.0922330097087379,0.75242718446602,0.0728155339805825,0.344660194174757,0.485436893203884,0.0728155339805825,1.54326923076923,0.536631905090219,2.31806333496276,2.3768210770368,0.70125005379724,0.444298443223629,0.787452646610225,0.744342361271379,1.58904360571638,0.260405150523686
"200",206,3048,0.145631067961165,0.058252427184466,0.796116504854369,0.0631067961165049,0.368932038834951,0.480582524271845,0.0728155339805825,1.58273381294964,0.509322946089823,2.14301480025409,2.40052418737644,0.703070938464471,0.468816375865116,0.776183561615124,0.74394380527569,1.60203892493049,0.249918081281061
"201",204,2166,0.151960784313725,0.147058823529412,0.700980392156863,0.0441176470588235,0.401960784313726,0.392156862745098,0.0735294117647059,1.60763888888889,0.615318943512591,2.45939248775923,2.28354402002864,0.521674570573597,0.458568058741133,0.783808044080637,0.747993638548876,1.81199080843952,0.182676070782781
"202",202,2166,0.163366336633663,0.138613861386139,0.698019801980198,0.0495049504950495,0.48019801980198,0.301980198019802,0.0841584158415842,1.61198738170347,0.577188866127931,2.50105926221775,2.28592609886033,0.52200784209632,0.447022139464276,0.775808520405627,0.720221243663101,1.76821883482982,0.174144086143363
"203",202,2166,0.158415841584158,0.138613861386139,0.702970297029703,0.0346534653465347,0.396039603960396,0.410891089108911,0.0742574257425743,1.55918367346939,0.581095054210096,2.38916608436453,2.27999940521972,0.539126958788448,0.460671854684162,0.778074509178458,0.737204549032544,1.68886414253898,0.184680197246175
"204",206,2166,0.169902912621359,0.155339805825243,0.674757281553398,0.0242718446601942,0.378640776699029,0.412621359223301,0.0728155339805825,1.57194244604317,0.570202165298382,2.44404479591808,2.24706444488695,0.542315986594158,0.455559602168201,0.797802985089572,0.759055383659088,1.80313837375178,0.188624804743347
"205",201,2166,0.159203980099502,0.104477611940299,0.736318407960199,0.0597014925373134,0.437810945273632,0.422885572139304,0.0845771144278607,1.59734513274336,0.526448930010821,2.3541084391474,2.31607335861802,0.514883202525008,0.457323695223858,0.77349183506487,0.729403841289195,1.77560661369981,0.182333523524217
"206",206,2166,0.150485436893204,0.160194174757282,0.689320388349515,0.0436893203883495,0.393203883495146,0.388349514563107,0.0825242718446602,1.60927152317881,0.56443321094552,2.48000694295715,2.25278365829286,0.540814486876533,0.445650124112237,0.786063011895816,0.742489404683915,1.79991539763113,0.181385686659296
"207",205,2166,0.15609756097561,0.141463414634146,0.702439024390244,0.0487804878048781,0.404878048780488,0.395121951219512,0.0731707317073171,1.56989247311828,0.582685104359484,2.4456042032736,2.16770421445894,0.530537149236785,0.475687584676389,0.78644318136971,0.757550041843906,1.79399323181049,0.181398052671369
"208",203,2166,0.157635467980296,0.172413793103448,0.669950738916256,0.0591133004926108,0.344827586206897,0.423645320197044,0.0738916256157636,1.61788617886179,0.623633182011025,2.56702636615906,2.2119994659313,0.540586700894535,0.447431476963219,0.786487496296419,0.736623449198175,1.77843929406762,0.178492174511563
"209",202,2166,0.128712871287129,0.173267326732673,0.698019801980198,0.0594059405940594,0.396039603960396,0.396039603960396,0.0742574257425743,1.53105590062112,0.585891872776037,2.50785587169583,2.21185558372028,0.522977429534475,0.420474919184625,0.795308961007168,0.735332313262424,1.79032930387662,0.196643829532779
"210",202,2166,0.183168316831683,0.168316831683168,0.648514851485149,0.0495049504950495,0.366336633663366,0.425742574257426,0.0742574257425743,1.62597402597403,0.595425836193666,2.5854607295085,2.2064911675509,0.532868912150083,0.44013023921861,0.78932771451747,0.74052166980587,1.78230720739651,0.18782174385037
"211",204,2166,0.17156862745098,0.156862745098039,0.67156862745098,0.0294117647058824,0.372549019607843,0.401960784313726,0.0735294117647059,1.56875,0.593822693949574,2.50514997831991,2.24275279455424,0.532875165731247,0.444066187559112,0.782042077035247,0.728340417267342,1.76848609680741,0.176835460959401
"212",201,2166,0.169154228855721,0.124378109452736,0.706467661691542,0.0597014925373134,0.517412935323383,0.308457711442786,0.0746268656716418,1.6101083032491,0.538017350451942,2.44247976906445,2.28749349749138,0.53256517556993,0.446801812899631,0.769838566681762,0.721813544286723,1.73799582463466,0.181289630645421
"213",204,2166,0.166666666666667,0.122549019607843,0.71078431372549,0.0245098039215686,0.519607843137255,0.308823529411765,0.0833333333333333,1.65020576131687,0.57232124753489,2.38560627359831,2.32492625785236,0.53097046783843,0.472831080495941,0.770792323261215,0.746707096125436,1.75185490519373,0.182769443931538
"214",205,2166,0.151219512195122,0.170731707317073,0.678048780487805,0.0390243902439024,0.448780487804878,0.307317073170732,0.0731707317073171,1.57547169811321,0.593574105263512,2.50242711998443,2.13266000703733,0.525560405736786,0.448130528261619,0.797560049332318,0.746102438605385,1.78160436791264,0.176787916612442
"215",202,2166,0.143564356435644,0.133663366336634,0.722772277227723,0.0445544554455446,0.49009900990099,0.301980198019802,0.0841584158415842,1.61702127659574,0.582992262536863,2.37106786227174,2.31270139778404,0.532800431566105,0.458260131835015,0.785717437926392,0.739445521847213,1.80717582878724,0.179966078714875
"216",203,2166,0.16256157635468,0.12807881773399,0.70935960591133,0.0394088669950739,0.423645320197044,0.374384236453202,0.0738916256157636,1.59558823529412,0.57472825564049,2.4345689040342,2.29982564742522,0.536926203090527,0.441187133620958,0.789030520767707,0.739432714471094,1.80575688548354,0.183225021784973
"217",206,2166,0.150485436893204,0.131067961165049,0.718446601941748,0.058252427184466,0.407766990291262,0.422330097087379,0.0825242718446602,1.61267605633803,0.536295255809217,2.45331834004704,2.16603406310079,0.53782614020302,0.464515447452797,0.794293892192543,0.755673899645256,1.72934287573195,0.169220324468867
"218",203,2166,0.157635467980296,0.157635467980296,0.684729064039409,0.0443349753694581,0.369458128078818,0.41871921182266,0.0738916256157636,1.63545150501672,0.599955854211592,2.47567118832443,2.24056286757375,0.528130234613969,0.450927647839369,0.782858368437823,0.73465327590842,1.83136523720738,0.170068097491954
"219",204,2166,0.176470588235294,0.147058823529412,0.676470588235294,0.0441176470588235,0.485294117647059,0.303921568627451,0.0735294117647059,1.55813953488372,0.560453858164776,2.47856649559384,2.16934638350962,0.545575634452664,0.456111284150495,0.788306411060048,0.747433813587519,1.75487223906453,0.18901863668828
"220",203,2166,0.157635467980296,0.137931034482759,0.704433497536946,0.0295566502463054,0.502463054187192,0.310344827586207,0.083743842364532,1.65748031496063,0.613422935045166,2.40483371661994,2.27508335932785,0.527926450905925,0.449684360438867,0.777010829713644,0.734383572886648,1.75839630562552,0.181053325308748
"221",204,2166,0.161764705882353,0.132352941176471,0.705882352941177,0.0490196078431373,0.416666666666667,0.382352941176471,0.0833333333333333,1.57317073170732,0.579172269424636,2.39093510710338,2.26107259332968,0.522444385296952,0.444401905042724,0.786601264817563,0.742264606739413,1.80518394648829,0.189798904670866
"222",205,2166,0.141463414634146,0.151219512195122,0.707317073170732,0.0341463414634146,0.409756097560976,0.4,0.0731707317073171,1.64130434782609,0.570451592830492,2.44090908206522,2.26656881423223,0.528974674798892,0.457175317549712,0.7952614158091,0.754474918263472,1.77589897260274,0.174799833034846
"223",205,2166,0.175609756097561,0.11219512195122,0.71219512195122,0.0439024390243902,0.390243902439024,0.424390243902439,0.0731707317073171,1.61475409836066,0.580147864101746,2.38738982633873,2.33632514919401,0.535908306915697,0.456922700716528,0.782012294630624,0.748493410719427,1.79260020554985,0.188510787988469
"224",206,2166,0.150485436893204,0.12621359223301,0.723300970873787,0.0436893203883495,0.393203883495146,0.412621359223301,0.0728155339805825,1.6283185840708,0.576498091206041,2.3541084391474,2.31628543643368,0.535947111728733,0.446796760573708,0.788873878362677,0.741274980603363,1.8410094637224,0.174999727420994
"225",204,2166,0.156862745098039,0.186274509803922,0.656862745098039,0.0441176470588235,0.450980392156863,0.299019607843137,0.0735294117647059,1.59610027855153,0.603607729897573,2.55509444857832,2.195639203448,0.536399536812331,0.450008583327534,0.799214211439856,0.747905272992697,1.83541039965621,0.177135335550451
"226",203,2166,0.157635467980296,0.177339901477833,0.665024630541872,0.0541871921182266,0.354679802955665,0.403940886699507,0.0738916256157636,1.55792682926829,0.602998091202273,2.51587384371168,2.24590906599098,0.535073767479065,0.442977241237707,0.796115824852224,0.744049691618653,1.7741935483871,0.184327429009706
"227",205,2166,0.165853658536585,0.146341463414634,0.68780487804878,0.0390243902439024,0.502439024390244,0.302439024390244,0.0829268292682927,1.64388489208633,0.594027446875111,2.44404479591808,2.27594472293426,0.532272368555358,0.452746223734805,0.77976558416929,0.732535239553047,1.78982485404504,0.176411514231407
"228",204,2166,0.151960784313725,0.161764705882353,0.686274509803922,0.053921568627451,0.343137254901961,0.436274509803922,0.0735294117647059,1.57142857142857,0.568653282699305,2.41329976408125,2.27462851228853,0.521564983709269,0.442469954965378,0.788018257661563,0.743978932051601,1.74702380952381,0.185719052724538
"229",204,2166,0.161764705882353,0.151960784313725,0.686274509803922,0.0441176470588235,0.362745098039216,0.426470588235294,0.0833333333333333,1.55102040816327,0.580498473208832,2.46834733041216,2.26090972612389,0.540013256321509,0.451328481842445,0.775159392742114,0.729398271813052,1.72561878569917,0.181700004297264
"230",205,2166,0.151219512195122,0.15609756097561,0.692682926829268,0.0292682926829268,0.35609756097561,0.404878048780488,0.0829268292682927,1.5631067961165,0.546593397740645,2.48995847942483,2.13690802147401,0.525026012869813,0.45088333838683,0.787203964006199,0.746902024956267,1.80857675574891,0.182863935620088
"231",205,2166,0.160975609756098,0.141463414634146,0.697560975609756,0.0439024390243902,0.385365853658537,0.404878048780488,0.0731707317073171,1.63175675675676,0.601865705180845,2.47129171105894,2.26943510241652,0.532714841505406,0.461958105347965,0.793673827779484,0.750251199126984,1.75451971248094,0.180017354040542
"232",202,2166,0.153465346534653,0.118811881188119,0.727722772277228,0.0396039603960396,0.425742574257426,0.396039603960396,0.0742574257425743,1.60245901639344,0.553472110331004,2.38738982633873,2.26761602234037,0.536037453895554,0.469208756269087,0.763781969499461,0.72809914727361,1.81540667895923,0.180323650365814
"233",203,2166,0.157635467980296,0.157635467980296,0.684729064039409,0.0344827586206897,0.374384236453202,0.408866995073892,0.0738916256157636,1.61890243902439,0.572997923575791,2.51587384371168,2.21851986089264,0.542855744351642,0.457683946823528,0.776584069010784,0.734106217899445,1.85720233139051,0.183654816616823
"234",205,2166,0.146341463414634,0.141463414634146,0.712195121951219,0.0634146341463415,0.395121951219512,0.424390243902439,0.0731707317073171,1.6,0.582611894590481,2.45484486000851,2.25714444860453,0.534287068189962,0.468780619209231,0.77151939840231,0.737261016064879,1.78569948186528,0.18803396359781
"235",206,2166,0.179611650485437,0.145631067961165,0.674757281553398,0.0388349514563107,0.485436893203884,0.300970873786408,0.0728155339805825,1.54716981132075,0.562934604356635,2.42324587393681,2.30051631295567,0.552798739676823,0.473100547654559,0.793706071059934,0.762064164025872,1.73816468476554,0.182426269324152
"236",206,2166,0.140776699029126,0.160194174757282,0.699029126213592,0.0388349514563107,0.495145631067961,0.296116504854369,0.0825242718446602,1.63414634146341,0.616172955732746,2.45788189673399,2.24417436546083,0.532278305303731,0.447038058272512,0.794517712105628,0.747949011553879,1.80692549842602,0.175175161165463
"237",206,2166,0.155339805825243,0.140776699029126,0.703883495145631,0.029126213592233,0.398058252427184,0.393203883495146,0.0728155339805825,1.64748201438849,0.568274471647824,2.44404479591808,2.24073931954052,0.53494138343299,0.465998667402972,0.781601879503087,0.751979002947489,1.77141627206199,0.194602964782189
"238",204,2166,0.161764705882353,0.196078431372549,0.642156862745098,0.0490196078431373,0.436274509803922,0.299019607843137,0.0735294117647059,1.53827160493827,0.551004461095525,2.60745502321467,2.18515688538934,0.529534172649282,0.438683570907506,0.800825958435478,0.739571117141711,1.67851446798815,0.178560336909319
"239",203,2166,0.152709359605911,0.123152709359606,0.724137931034483,0.0492610837438424,0.364532019704433,0.45320197044335,0.083743842364532,1.62553191489362,0.623769929749053,2.37106786227174,2.30870713707131,0.521110092546906,0.465102556880085,0.768844371277812,0.734643023868531,1.79561744828999,0.184570032719099
"240",204,2166,0.166666666666667,0.181372549019608,0.651960784313726,0.0441176470588235,0.382352941176471,0.406862745098039,0.0833333333333333,1.62337662337662,0.641434894702734,2.48855071650044,2.19989164542131,0.541789360350915,0.454078077404241,0.785436595017123,0.752296193892861,1.84709543568465,0.195515578165107
"241",203,2166,0.147783251231527,0.123152709359606,0.729064039408867,0.0443349753694581,0.522167487684729,0.305418719211823,0.083743842364532,1.60714285714286,0.535984564716294,2.40140054078154,2.2823884158797,0.526612673705237,0.461903448085944,0.783935798774443,0.745157175591443,1.80524344569288,0.182261445224477
"242",202,2166,0.158415841584158,0.143564356435644,0.698019801980198,0.0396039603960396,0.49009900990099,0.301980198019802,0.0742574257425743,1.55172413793103,0.581503057592769,2.46239799789896,2.26908431397002,0.539941594547771,0.443882259604344,0.779640709676021,0.73110145264331,1.75203426124197,0.186537011045993
"243",204,2166,0.161764705882353,0.17156862745098,0.666666666666667,0.0637254901960784,0.455882352941176,0.303921568627451,0.0735294117647059,1.63188405797101,0.555755497107208,2.53781909507327,2.2152337143569,0.537072111287812,0.450630127162155,0.795229525683004,0.747995435820379,1.78646269907795,0.186406721632109
"244",205,2166,0.160975609756098,0.141463414634146,0.697560975609756,0.0439024390243902,0.385365853658537,0.419512195121951,0.0829268292682927,1.52592592592593,0.543014162899767,2.43136376415899,2.17550741617065,0.538760733616492,0.470293406377561,0.77727021406206,0.746775953916686,1.78485477178423,0.177960171301011
"245",205,2166,0.160975609756098,0.141463414634146,0.697560975609756,0.0536585365853659,0.434146341463415,0.395121951219512,0.0731707317073171,1.61685823754789,0.567334604006344,2.41664050733828,2.23792651157816,0.534650071840854,0.457953386646488,0.794047856088583,0.75173178458688,1.76162046908316,0.173007040064312
"246",202,2166,0.133663366336634,0.133663366336634,0.732673267326733,0.0445544554455446,0.400990099009901,0.400990099009901,0.0742574257425743,1.69348659003831,0.573380418768529,2.41664050733828,2.28308552705122,0.517658117292582,0.457974405030987,0.771497626356848,0.72609274237143,1.82962346577907,0.188354512146883
"247",202,2166,0.148514851485149,0.103960396039604,0.747524752475248,0.0544554455445545,0.524752475247525,0.306930693069307,0.0742574257425743,1.59433962264151,0.511077328560539,2.32633586092875,2.31453839249305,0.537303598504623,0.465997404545523,0.76573812158671,0.728259532483187,1.83234921973851,0.186739685168478
"248",203,2166,0.16256157635468,0.133004926108374,0.704433497536946,0.0541871921182266,0.374384236453202,0.443349753694581,0.083743842364532,1.6844262295082,0.597321937143725,2.38738982633873,2.3245402682013,0.530019160279521,0.449865338949522,0.78121614857744,0.744403845593894,1.79220512820513,0.19630443185465
"249",205,2166,0.180487804878049,0.136585365853659,0.682926829268293,0.0536585365853659,0.48780487804878,0.302439024390244,0.0731707317073171,1.61204013377926,0.558631644127073,2.47567118832443,2.28495205379158,0.536033749220318,0.453133259223614,0.782653531708917,0.746268327574502,1.78956055291933,0.187930399104049
"250",204,2166,0.156862745098039,0.122549019607843,0.720588235294118,0.0343137254901961,0.392156862745098,0.42156862745098,0.0735294117647059,1.61181434599156,0.575955064716842,2.3747483460101,2.30125946537844,0.522889348643849,0.457250655547576,0.784202219820793,0.743352677851217,1.80373443983402,0.175136437480396
"251",205,2166,0.160975609756098,0.15609756097561,0.682926829268293,0.0439024390243902,0.492682926829268,0.292682926829268,0.0731707317073171,1.57094594594595,0.528862338741795,2.47129171105894,2.17665508108977,0.547952329391232,0.426525979280826,0.805688725292175,0.755118990436607,1.80303345107002,0.194977696269824
"252",203,2166,0.152709359605911,0.12807881773399,0.719211822660099,0.0394088669950739,0.38423645320197,0.423645320197044,0.0738916256157636,1.60593220338983,0.539312781449804,2.37291200297011,2.3040874011016,0.544395382508438,0.463012831296013,0.780391615630687,0.74386269108153,1.74534292972058,0.177654590339738
"253",204,2166,0.156862745098039,0.137254901960784,0.705882352941176,0.0490196078431373,0.5,0.303921568627451,0.0735294117647059,1.59927797833935,0.591362512950757,2.44247976906445,2.29731446064327,0.535347376721459,0.455744298928861,0.785071935414399,0.74887498042999,1.81572940444076,0.192593641986385
"254",202,2166,0.163366336633663,0.138613861386139,0.698019801980198,0.0594059405940594,0.485148514851485,0.311881188118812,0.0841584158415842,1.62544169611307,0.613953644229238,2.45178643552429,2.32630621025323,0.52805767292577,0.451145984211259,0.768747135012482,0.723863109610384,1.78784144588211,0.180967287394896
"255",201,2166,0.169154228855721,0.144278606965174,0.686567164179104,0.0447761194029851,0.398009950248756,0.417910447761194,0.0746268656716418,1.61389961389961,0.554718873523572,2.41329976408125,2.26664588384092,0.532793690664982,0.439867310849922,0.792726351920017,0.740483298977144,1.76734605377277,0.180867465412089
"256",205,2166,0.151219512195122,0.170731707317073,0.678048780487805,0.0439024390243902,0.35609756097561,0.395121951219512,0.0829268292682927,1.60559796437659,0.610009376973703,2.59439255037543,2.24815187158997,0.531406174069902,0.433833760372946,0.802619117050566,0.746583234113801,1.77975552219601,0.185823970427696
"257",203,2166,0.142857142857143,0.118226600985222,0.738916256157636,0.0443349753694581,0.502463054187192,0.305418719211823,0.0738916256157636,1.70161290322581,0.629630554352736,2.39445168082622,2.29232522968271,0.520868988550507,0.451146379047358,0.779898301619533,0.731378276560168,1.8077731092437,0.181902024355625
"258",203,2166,0.152709359605911,0.133004926108374,0.714285714285714,0.0394088669950739,0.463054187192118,0.310344827586207,0.0738916256157636,1.57950530035336,0.555313248581214,2.45178643552429,2.18512585386039,0.528943109511542,0.469402339074671,0.774658935263653,0.735393136523634,1.7724064171123,0.177819494289773
"259",203,2166,0.157635467980296,0.142857142857143,0.699507389162562,0.0344827586206897,0.38423645320197,0.413793103448276,0.0738916256157636,1.55272727272727,0.540294102613731,2.43933269383026,2.28756814706058,0.526933810554243,0.445938757265391,0.792552060429497,0.738845446019786,1.77856988550443,0.173264136727227
"260",205,2166,0.15609756097561,0.131707317073171,0.712195121951219,0.0536585365853659,0.517073170731707,0.307317073170732,0.0731707317073171,1.58843537414966,0.581866715536158,2.46834733041216,2.28903894088176,0.534730094482472,0.444085611217148,0.79063277447616,0.744602112233163,1.80854136579327,0.178156202157856
"261",201,2166,0.149253731343284,0.134328358208955,0.716417910447761,0.0248756218905473,0.477611940298507,0.313432835820896,0.0845771144278607,1.61320754716981,0.519112711519832,2.50242711998443,2.18962133230252,0.531090632257357,0.440062671650457,0.775620212264004,0.727047860453112,1.74619184849732,0.175520772484105
"262",205,2166,0.146341463414634,0.11219512195122,0.741463414634146,0.0292682926829268,0.395121951219512,0.419512195121951,0.0731707317073171,1.59808612440191,0.519981667806298,2.32014628611105,2.33301536384589,0.522753048569222,0.467942790094509,0.780712869093864,0.747788242005013,1.79425239483549,0.183232912460644
"263",207,2166,0.169082125603865,0.120772946859903,0.710144927536232,0.0483091787439614,0.516908212560386,0.29951690821256,0.072463768115942,1.58174904942966,0.531426121904998,2.41995574848976,2.30189964587232,0.548295207007352,0.457727304808491,0.791998408434735,0.756843412062702,1.66613924050633,0.176979432026703
"264",206,2166,0.16504854368932,0.174757281553398,0.660194174757281,0.0533980582524272,0.37378640776699,0.407766990291262,0.0728155339805825,1.60714285714286,0.545828974521911,2.48855071650044,2.10362607136648,0.540350144440235,0.451820721902713,0.813558253196478,0.776538247969227,1.79699088789998,0.199455668694198
"265",204,2166,0.181372549019608,0.132352941176471,0.686274509803922,0.0196078431372549,0.387254901960784,0.406862745098039,0.0735294117647059,1.57142857142857,0.529021248371622,2.46834733041216,2.31008833620465,0.526035768834421,0.475685767903861,0.778771812752024,0.748585779392264,1.69497132774592,0.169171850439797
"266",206,2166,0.16504854368932,0.131067961165049,0.703883495145631,0.0388349514563107,0.398058252427184,0.388349514563107,0.0728155339805825,1.57551020408163,0.557560043169982,2.38916608436453,2.33402635782735,0.533582497213095,0.459613540184156,0.779579388888261,0.749329485022856,1.79251629178053,0.186628989918869
"267",204,2166,0.156862745098039,0.137254901960784,0.705882352941176,0.0490196078431373,0.362745098039216,0.431372549019608,0.0735294117647059,1.56996587030717,0.502785731680862,2.46686762035411,2.16025442617232,0.525046436253583,0.465747103466737,0.784819098906038,0.747607726820714,1.73579606826528,0.185742118976704
"268",203,2166,0.157635467980296,0.157635467980296,0.684729064039409,0.0541871921182266,0.349753694581281,0.408866995073892,0.0738916256157636,1.58823529411765,0.565194165260439,2.46089784275655,2.26176924524918,0.534723393812841,0.453270136513501,0.785268320947181,0.747407378944633,1.81946195880622,0.200511533183222
"269",204,2166,0.156862745098039,0.142156862745098,0.700980392156863,0.053921568627451,0.524509803921569,0.299019607843137,0.0833333333333333,1.65283018867925,0.53675645314638,2.42324587393681,2.18473973505727,0.521685929057299,0.451188477611143,0.801983233906156,0.75374950887529,1.79431402110704,0.183985533502814
"270",205,2166,0.141463414634146,0.141463414634146,0.717073170731707,0.0536585365853659,0.4,0.409756097560976,0.0829268292682927,1.66019417475728,0.606566846107768,2.48995847942483,2.25528248092218,0.536500067618095,0.465137607659385,0.776265371079466,0.740135538819736,1.76448520216757,0.182913332087651
"271",203,2166,0.142857142857143,0.137931034482759,0.719211822660099,0.0295566502463054,0.408866995073892,0.408866995073892,0.083743842364532,1.61423220973783,0.592134908941538,2.42651126136458,2.28137630605462,0.539355166115843,0.453171323638191,0.791810574259574,0.746050093345334,1.81334981458591,0.184668670747182
"272",202,2166,0.153465346534653,0.158415841584158,0.688118811881188,0.0495049504950495,0.48019801980198,0.306930693069307,0.0742574257425743,1.6027397260274,0.591804881642015,2.46538285144842,2.24694791592786,0.524205517158244,0.455897705077531,0.783733506725021,0.734897643995109,1.75684858781058,0.164788513617375
"273",205,2166,0.170731707317073,0.121951219512195,0.707317073170732,0.0439024390243902,0.395121951219512,0.414634146341463,0.0731707317073171,1.66932270916335,0.584991572112138,2.39967372148104,2.29816882846771,0.542055257908476,0.468902675784801,0.790067354116711,0.758614381601814,1.78114686468647,0.177090100088717
"274",206,2166,0.16504854368932,0.145631067961165,0.689320388349514,0.0485436893203883,0.368932038834951,0.398058252427184,0.0728155339805825,1.62179487179487,0.542033194104009,2.49415459401844,2.2795739898413,0.522007999668376,0.456686572641576,0.80349897862099,0.759681710312664,1.81300126635711,0.175092243836256
"275",203,2166,0.167487684729064,0.152709359605911,0.679802955665025,0.0640394088669951,0.399014778325123,0.403940886699507,0.0738916256157636,1.528125,0.581175101352941,2.50514997831991,2.22417362236905,0.523744390405853,0.455535908444285,0.79277478382021,0.746465710889292,1.80326838466373,0.184446061081538
"276",202,2166,0.138613861386139,0.138613861386139,0.722772277227723,0.0346534653465347,0.410891089108911,0.405940594059406,0.0841584158415842,1.67088607594937,0.611780930119468,2.3747483460101,2.28065744658647,0.533252891471308,0.437145472227929,0.789948184575559,0.742942161924617,1.72922422954304,0.19283759816986
"277",206,2166,0.160194174757282,0.174757281553398,0.66504854368932,0.0388349514563107,0.441747572815534,0.296116504854369,0.0728155339805825,1.58840579710145,0.532528040500953,2.53781909507327,2.13752844197035,0.535999754616771,0.44574354706921,0.804442205295928,0.76149524177751,1.77996575342466,0.190650397428906
"278",203,2166,0.152709359605911,0.152709359605911,0.694581280788177,0.0443349753694581,0.399014778325123,0.41871921182266,0.0738916256157636,1.58955223880597,0.507807014084112,2.42813479402879,2.24032919152383,0.515832463179115,0.454607654649857,0.790840948557155,0.7501129037743,1.76942046855734,0.173567793300216
"279",201,2166,0.139303482587065,0.154228855721393,0.706467661691542,0.0348258706467662,0.378109452736318,0.402985074626866,0.0746268656716418,1.65472312703583,0.552477046711563,2.48713837547719,2.24960914783273,0.540741754330372,0.448308305450345,0.763597340041784,0.718883427276196,1.76663858466723,0.202864774373853
"280",204,2166,0.161764705882353,0.127450980392157,0.71078431372549,0.053921568627451,0.431372549019608,0.397058823529412,0.0735294117647059,1.59832635983264,0.59210254386677,2.37839790094814,2.27205619282805,0.524402550860008,0.455787924083853,0.786644600849959,0.746230246229169,1.79691136027078,0.190744178914791
"281",201,2166,0.154228855721393,0.134328358208955,0.711442786069652,0.054726368159204,0.472636815920398,0.308457711442786,0.0746268656716418,1.69230769230769,0.549578201073353,2.43616264704076,2.18754859613826,0.514910114544819,0.446150634205872,0.764956768287568,0.717323579881563,1.74141630901288,0.183796747470286
"282",206,2166,0.174757281553398,0.155339805825243,0.669902912621359,0.0388349514563107,0.368932038834951,0.398058252427184,0.0728155339805825,1.56115107913669,0.545610748616678,2.44404479591808,2.29029104691714,0.527267820756304,0.461808519793097,0.79409800134481,0.76593323525323,1.80767634854772,0.184832866679282
"283",204,2166,0.142156862745098,0.147058823529412,0.71078431372549,0.0392156862745098,0.387254901960784,0.426470588235294,0.0735294117647059,1.6304347826087,0.547072698596272,2.44090908206522,2.26208945506268,0.535228015432333,0.449749256915853,0.794352822103786,0.738847143099735,1.69344042838019,0.176896649684987
"284",205,2166,0.136585365853659,0.146341463414634,0.717073170731707,0.0341463414634146,0.497560975609756,0.302439024390244,0.0731707317073171,1.63900414937759,0.530696715789138,2.38201704257487,2.2215597742386,0.532613323955664,0.464630584161138,0.78634759658756,0.748092311457009,1.75891304347826,0.173548704961579
"285",202,2166,0.138613861386139,0.128712871287129,0.732673267326733,0.0445544554455446,0.514851485148515,0.306930693069307,0.0742574257425743,1.64367816091954,0.554221800106715,2.41664050733828,2.31308097945012,0.524175477756648,0.448540587508154,0.780521941045257,0.736666993817338,1.79319814110689,0.191971650101129
"286",206,2166,0.174757281553398,0.131067961165049,0.694174757281553,0.0485436893203883,0.388349514563107,0.412621359223301,0.0728155339805825,1.60983606557377,0.575173005447053,2.48429983934679,2.28846150518418,0.540747508324954,0.464637840604147,0.78641300152472,0.752821416651332,1.75584188687486,0.179691896719643
"287",203,2166,0.157635467980296,0.12807881773399,0.714285714285714,0.0541871921182266,0.38423645320197,0.41871921182266,0.0738916256157636,1.58,0.569999647713553,2.39794000867204,2.32090068211163,0.529620259565592,0.464588959968853,0.78248032071902,0.754398234599009,1.72622846202936,0.193755963798224
"288",205,2166,0.180487804878049,0.102439024390244,0.717073170731707,0.0536585365853659,0.4,0.424390243902439,0.0731707317073171,1.63713080168776,0.613386159182003,2.3747483460101,2.343328200608,0.531917478479866,0.476746808323326,0.778775660668381,0.749027246297438,1.78138847858198,0.17712098121209
"289",205,2166,0.146341463414634,0.141463414634146,0.712195121951219,0.0439024390243902,0.375609756097561,0.414634146341463,0.0731707317073171,1.52611940298507,0.529352527196272,2.42813479402879,2.29120478063843,0.532474729451073,0.454907532181231,0.786430266919371,0.739522074559927,1.81418918918919,0.181491818661905
"290",203,2166,0.152709359605911,0.142857142857143,0.704433497536946,0.0689655172413793,0.389162561576355,0.394088669950739,0.0738916256157636,1.58214285714286,0.580787730690689,2.44715803134222,2.28468926100792,0.533507869113081,0.455991664737813,0.783350804283062,0.735481253330814,1.78626279863481,0.178741674868719
"291",201,2166,0.144278606965174,0.119402985074627,0.736318407960199,0.0348258706467662,0.412935323383085,0.422885572139304,0.0845771144278607,1.64905660377358,0.604159396458692,2.42324587393681,2.29522191177482,0.520610827202313,0.450862714257907,0.779062132201681,0.737084686377466,1.75233248515691,0.199176917974921
"292",203,2166,0.142857142857143,0.152709359605911,0.704433497536946,0.0689655172413793,0.394088669950739,0.403940886699507,0.0738916256157636,1.61338289962825,0.524730995621745,2.42975228000241,2.15994614507846,0.510585648118337,0.449839906711118,0.784207905666812,0.744514717674668,1.7504710069081,0.194751166243414
"293",202,2166,0.143564356435644,0.118811881188119,0.737623762376238,0.0495049504950495,0.400990099009901,0.410891089108911,0.0742574257425743,1.68085106382979,0.519137309484967,2.37106786227174,2.29974258015347,0.522506633210039,0.461916987052812,0.774512698525026,0.739237840498523,1.78012552301255,0.184806629075761
"294",205,2166,0.160975609756098,0.126829268292683,0.712195121951219,0.0390243902439024,0.424390243902439,0.395121951219512,0.0829268292682927,1.63888888888889,0.592579911698466,2.40140054078154,2.27974643886384,0.527060263978868,0.467290591484657,0.78230011986431,0.751551973455002,1.8475935828877,0.19039718772807
"295",206,2166,0.174757281553398,0.145631067961165,0.679611650485437,0.0388349514563107,0.393203883495146,0.398058252427184,0.0728155339805825,1.56491228070175,0.563093576664703,2.45484486000851,2.27754348041968,0.531770276528651,0.449961788795117,0.792809502846229,0.753190202657575,1.78815345699831,0.192230970537537
"296",203,2166,0.137931034482759,0.12807881773399,0.733990147783251,0.0344827586206897,0.38423645320197,0.428571428571429,0.083743842364532,1.56796116504854,0.525210961978185,2.31386722036915,2.21294045984989,0.525139742796014,0.449360640369692,0.782702863627818,0.74047262957814,1.77724525942905,0.185682242490838
"297",204,2166,0.176470588235294,0.147058823529412,0.676470588235294,0.0686274509803922,0.480392156862745,0.308823529411765,0.0735294117647059,1.58450704225352,0.528254111494322,2.45331834004704,2.27302816495521,0.531590331795102,0.449956235241164,0.785478509517428,0.752519504247922,1.76142557651992,0.196065769507243
"298",203,2166,0.133004926108374,0.118226600985222,0.748768472906404,0.0492610837438424,0.428571428571429,0.41871921182266,0.083743842364532,1.61904761904762,0.559920575040028,2.32221929473392,2.31804689100026,0.539400125826018,0.454483626556065,0.779079675326957,0.738887254675646,1.71472059143292,0.186229115794646
"299",203,2166,0.147783251231527,0.133004926108374,0.719211822660099,0.0492610837438424,0.38423645320197,0.41871921182266,0.083743842364532,1.54365079365079,0.587112053042733,2.40140054078154,2.32633733205808,0.516579395292219,0.466209985145359,0.783811344832246,0.745789623046741,1.7705857385399,0.176599492441041
"300",205,2166,0.146341463414634,0.136585365853659,0.717073170731707,0.0341463414634146,0.473170731707317,0.302439024390244,0.0731707317073171,1.60333333333333,0.583486999986059,2.47712125471966,2.27668093079808,0.531639227416601,0.44564713539258,0.794663783542616,0.744509584996527,1.80089058524173,0.182576830260243
