Con. #,Res. #,Certainty
9,1,3
9,2,3
10,2,2
11,2,2
12,2,2
13,2,2
14,2,2
15,2,2
16,2,2
17,2,2
18,2,2
19,2,2
20,2,2
21,2,2
22,9,1
23,9,1
24,9,2
24,22,1
24,23,1
24,24,1
24,25,1
25,9,2
25,22,1
25,23,1
25,24,1
25,25,1
26,3,1
26,9,1
27,3,1
27,9,1
28,3,1
28,9,1
29,3,1
29,9,1
31,2,2
31,3,1
32,2,2
32,3,1
33,2,2
33,3,1
34,2,2
34,3,1
35,2,2
35,3,1
36,2,2
36,3,1
38,10,1
38,11,1
38,12,1
38,13,1
38,14,1
38,15,1
38,16,1
38,17,1
38,18,1
38,19,1
38,20,1
38,21,1
39,10,1
39,11,1
39,12,1
39,13,1
39,14,1
39,15,1
39,16,1
39,17,1
39,18,1
39,19,1
39,20,1
39,21,1
40,10,1
40,11,1
40,12,1
40,13,1
40,14,1
40,15,1
40,16,1
40,17,1
40,18,1
40,19,1
40,20,1
40,21,1
40,114,1
41,10,1
41,11,1
41,12,1
41,13,1
41,14,1
41,15,1
41,16,1
41,17,1
41,18,1
41,19,1
41,20,1
41,21,1
42,114,2
45,9,2
46,4,2
47,45,1
47,46,1
47,47,2
47,56,1
47,57,2
47,61,1
47,63,2
47,67,2
47,69,1
47,70,1
47,72,1
47,75,1
47,79,2
47,81,2
47,82,2
47,91,1
47,95,1
47,103,1
49,4,1
56,45,1
56,46,1
56,56,1
56,61,1
56,65,1
56,69,1
56,70,1
56,72,1
56,75,1
56,83,1
56,85,1
56,91,1
56,95,1
56,103,1
57,45,1
57,46,1
57,47,2
57,56,1
57,57,2
57,61,1
57,63,2
57,67,2
57,69,1
57,70,1
57,72,1
57,75,1
57,79,2
57,81,2
57,82,2
57,91,1
57,95,1
57,96,3
57,97,3
57,98,3
57,103,1
61,45,1
61,46,1
61,47,2
61,56,1
61,57,2
61,61,1
61,63,2
61,67,2
61,69,1
61,70,1
61,72,1
61,75,1
61,79,2
61,81,2
61,82,2
61,91,1
61,95,1
61,96,3
61,97,3
61,98,3
61,103,1
63,45,1
63,46,1
63,47,2
63,56,1
63,57,2
63,61,1
63,63,2
63,67,2
63,69,1
63,70,1
63,72,1
63,75,1
63,79,2
63,81,2
63,82,2
63,91,1
63,95,1
63,103,1
65,45,1
65,46,1
65,47,2
65,56,1
65,57,2
65,61,1
65,63,2
65,67,2
65,69,1
65,70,1
65,72,1
65,75,1
65,79,2
65,81,2
65,82,2
65,91,1
65,95,1
65,96,3
65,97,3
65,98,3
65,103,1
67,45,1
67,46,1
67,47,2
67,56,1
67,57,2
67,61,1
67,63,2
67,67,2
67,69,1
67,70,1
67,72,1
67,75,1
67,79,2
67,81,2
67,82,2
67,91,1
67,95,1
67,103,1
69,45,1
69,46,1
69,47,2
69,56,1
69,57,2
69,61,1
69,63,2
69,67,2
69,69,1
69,70,1
69,72,1
69,75,1
69,79,2
69,81,2
69,82,2
69,91,1
69,95,1
69,96,3
69,97,3
69,98,3
69,103,1
70,45,1
70,46,1
70,47,2
70,56,1
70,57,2
70,61,1
70,63,2
70,67,2
70,69,1
70,70,1
70,72,1
70,75,1
70,79,2
70,81,2
70,82,2
70,91,1
70,95,1
70,96,3
70,97,3
70,98,3
70,103,1
72,45,1
72,46,1
72,47,2
72,56,1
72,57,2
72,61,1
72,63,2
72,67,2
72,69,1
72,70,1
72,72,1
72,75,1
72,79,2
72,81,2
72,82,2
72,91,1
72,95,1
72,96,3
72,97,3
72,98,3
72,103,1
75,45,1
75,46,1
75,47,2
75,56,1
75,57,2
75,61,1
75,63,2
75,67,2
75,69,1
75,70,1
75,72,1
75,75,1
75,79,2
75,81,2
75,82,2
75,91,1
75,95,1
75,96,3
75,97,3
75,98,3
75,103,1
79,45,1
79,46,1
79,47,2
79,56,1
79,57,2
79,61,1
79,63,2
79,67,2
79,69,1
79,70,1
79,72,1
79,75,1
79,79,2
79,81,2
79,82,2
79,91,1
79,95,1
79,103,1
81,45,1
81,46,1
81,47,2
81,56,1
81,57,2
81,61,1
81,63,2
81,67,2
81,69,1
81,70,1
81,72,1
81,75,1
81,79,2
81,81,2
81,82,2
81,91,1
81,95,1
81,103,1
82,26,2
82,28,2
82,29,2
82,45,1
82,46,1
82,47,2
82,56,1
82,57,2
82,61,1
82,63,2
82,67,2
82,69,1
82,70,1
82,72,1
82,75,1
82,79,2
82,81,2
82,82,2
82,91,1
82,95,1
82,96,3
82,97,3
82,98,3
82,103,1
83,4,2
85,4,2
91,4,1
94,4,2
95,45,1
95,46,1
95,56,1
95,61,1
95,65,1
95,69,1
95,70,1
95,72,1
95,75,1
95,83,1
95,85,1
95,91,1
95,95,1
95,103,1
96,45,1
96,46,1
96,56,1
96,61,1
96,65,2
96,69,1
96,70,1
96,72,1
96,75,1
96,83,1
96,85,1
96,91,1
96,95,1
96,103,1
97,45,1
97,46,1
97,56,1
97,61,1
97,65,2
97,69,1
97,70,1
97,72,1
97,75,1
97,83,1
97,85,1
97,91,1
97,95,1
97,103,1
98,45,1
98,46,1
98,56,1
98,61,1
98,65,2
98,69,1
98,70,1
98,72,1
98,75,1
98,83,1
98,85,1
98,91,1
98,95,1
98,103,1
99,45,1
99,46,1
99,47,2
99,56,1
99,57,2
99,61,1
99,63,2
99,67,2
99,69,1
99,70,1
99,72,1
99,75,1
99,79,2
99,81,2
99,82,2
99,91,1
99,95,1
99,102,2
99,103,1
99,104,2
100,45,1
100,46,1
100,47,2
100,56,1
100,57,2
100,61,1
100,63,2
100,67,2
100,69,1
100,70,1
100,72,1
100,75,1
100,79,2
100,81,2
100,82,2
100,91,1
100,95,1
100,102,2
100,103,1
100,104,2
102,45,1
102,46,1
102,47,1
102,56,1
102,57,1
102,61,1
102,63,1
102,67,1
102,69,1
102,70,1
102,72,1
102,75,1
102,79,1
102,81,1
102,82,1
102,91,1
102,95,1
102,102,2
102,103,1
102,104,1
103,45,1
103,46,1
103,56,1
103,61,1
103,65,1
103,69,1
103,70,1
103,72,1
103,75,1
103,83,1
103,85,1
103,91,1
103,95,1
103,103,1
104,45,1
104,46,1
104,47,2
104,56,1
104,57,2
104,61,1
104,63,2
104,67,2
104,69,1
104,70,1
104,72,1
104,75,1
104,79,2
104,81,2
104,82,2
104,91,1
104,95,1
104,102,2
104,103,1
104,104,2
105,4,1
108,4,1
109,26,1
109,27,1
109,28,1
109,29,1
109,105,1
109,108,1
109,109,1
109,110,1
109,111,1
109,112,1
110,4,1
111,4,2
112,4,2
114,9,2
115,9,2
116,9,2
124,4,2
126,9,1
127,9,1
129,4,2
131,3,1
131,9,1
132,3,1
132,9,1
133,3,1
133,9,1
134,2,1
136,2,1
138,4,1
