#,PHYLUM,CLASS,ORDER,FAMILY,SPECIES,ECOLOGY,SOURCE,FORMATION,REMARKS,SYNONYMS,SIZE,
1,Phytoplankton,,,,,,,,,,,
2,Bacterioplankton,,,,species not included in feeding interactions,,,,,,,
3,Suspended organic matter,,,,,,,,,,,
4,Benthic detritus,,,,,,,,,,,
5,Zooplancton,,,,,,,,,,,
6,ALGAE,,,,Alga type 1,,"Van Roy et al., 2015",Lower part of the Fezouata Formation,,,,
7,Algae,,,,Alga type2,,"Van Roy et al., 2015",,,,,
8,Algae,,,,Chaetocladid,,"Van Roy et al., 2015",,,,,
9,PORIFERA,Demospongea,Protomonaxonida,Choiidae,Choia sp.,"sessile, suspension feeder (demospongea)","Botting, 2016, Van Roy et al., 2015, Botting, 2007","Lower part of the Fezouata Formation, Upper part of the Fezouata Formation",Youngest occurrence,,40 mm,
15,Porifera,Demospongea,Protomonaxonida,Hamptoniidae,Hamptonia' christi,"sessile, suspension feeder (demospongea)","Van Roy et al., 2015, Botting, 2016, Botting, 2007",Upper part of the Fezouata Formation,"Youngest occurrence, needs to be redescribed with new genus, probably represents a range of species",,5 mm,
20,Porifera,Demospongea,Protomonaxonida,Piraniidae,Pirania auraeum,"sessile, suspension feeder (demospongea)","Van Roy et al., 2015, Botting, 2016, Botting, 2007","Lower part of the Fezouata Formation, Upper part of the Fezouata Formation",,"Auraeopirania auraeum (new genus name, Botting et al., 2019)",34 mm,
38,CNIDARIA,Scyphozoa (Subphylum Medusozoa),,Conulariida,Archaeoconularia sp.,"sessile, benthic, filter-feeding","Van Iten et al., 2016, Lefebvre et al., 2016 (indet.), Van Roy et al., 2010 (various conulariids)","Lower part of the Fezouata Formation, Upper part of the Fezouata Formation",frequently occurs in monospecific mass associations (probable clumped distribution on the seafloor),,"100-200 mm, even 500 mm (some smaller)",
40,HYOLITHA (LOPHOPHORATA),Hyolitha,Hyolithida,Hyolithidae,Cavernolites senex,"filter/suspension feeder (Sun et al, 2016 ; p. 94)","Marek, 1983",Upper part of the Fezouata Formation,,,"90mm long minimum, aperture width 24 mm",
43,Hyolitha,Hyolitha,Hyolithida,Hyolithidae,Gamalites? sp.,filter/suspension feeder,"Marek, 1983",Upper part of the Fezouata Formation,,,operculum 3.4 x 2.6 mm,
44,Hyolitha,Hyolitha,Hyolithida,Hyolithidae,Gompholites sp. A,filter/suspension feeder,"Marek, 1983",Upper part of the Fezouata Formation,,,"14 mm long minimum-20/26.4mm/30-40mm (other species), width aperture 3.5mm (other species Gompholites cf. cinctus)",
45,Hyolitha,Hyolitha,Hyolithida,Pauxillitidae,Pauxillites thaddei,suspension feeder,"Valent et al., 2013 ; Valent et Corbacho, 2015",Upper part of the Fezouata Formation,,,20-23 mm long,
46,Hyolitha,Hyolitha,Orthothecida,Orthothecidae,Nephrotheca? n. sp.,deposit feeder,"Marek, 1983",Upper part of the Fezouata Formation,,,over 10 mm (undet. Hyolithida - ~10mm-30mm (L+U)-63mm (U)),
47,BRACHIOPODA,Lingulata,Acrotretida,Acrotretidae,Eurytreta sp.,suspension feeder,"Candela et al., 2024",Upper part of the Fezouata Formation,,,1-2 mm,
49,Brachiopoda ,Lingulata,Lingulida,Acrothelidae,Orbithele sp. 1,suspension feeder,"Candela et al., 2024",Upper part of the Fezouata Formation,,,20 mm,
50,Brachiopoda ,Lingulata,Lingulida,Acrothelidae,Orbithele sp. 2,suspension feeder,"Candela et al., 2024",Upper part of the Fezouata Formation,,,9 mm,
54,Brachiopoda ,Lingulata,Lingulida,Obolidae,Paldiskites aff. sulcatus,suspension feeder,"Candela et al., 2024",Upper part of the Fezouata Formation,,,6-7 mm,
55,Brachiopoda ,Lingulata,Lingulida,Obolidae,Rafanoglossa inversa,suspension feeder,"Candela et al., 2024","Lower part of the Fezouata Formation, Upper part of the Fezouata Formation ",,,8-11 mm,
60,Brachiopoda ,Lingulata,Lingulida,Zhanatellidae,Thysanotos cf. siluricus,suspension feeder,"Candela et al., 2024","Lower part of the Fezouata Formation, Upper part of the Fezouata Formation",,,25-34 mm,
61,Brachiopoda ,Lingulata,Siphonotretida,Siphonotretidae,Celdobolus mirandus,"sessile, suspension feeder ","Candela et al., 2024","Lower part of the Fezouata Formation, Upper part of the Fezouata Formation",uncertain phylogeny,,4 mm,
66,Brachiopoda ,Rhynchonellata,Orthida,Euorthisinidae,Euorthisina sp. 2,suspension feeder,"Candela et al., 2024",Upper part of the Fezouata Formation,,,13-16 mm,
69,Brachiopoda ,Rhynchonellata,Orthida,Nanorthidae,Nothorthis sp.,suspension feeder,"Candela et al., 2024","Lower part of the Fezouata Formation, Upper part of the Fezouata Formation",,,6-19 mm,
70,Brachiopoda ,Rhynchonellata,Orthida,Orthidae,Paralenorthis? sp.,suspension feeder,"Candela et al., 2024",Upper part of the Fezouata Formation,,,3-4 mm,
71,Brachiopoda ,Rhynchonellata,Orthida,Plectorthidae,Nanorthis sp.,suspension feeder,"Candela et al., 2024","Lower part of the Fezouata Formation, Upper part of the Fezouata Formation",,,10-13 mm,
72,Brachiopoda,Rhynchonellata,Orthida,Plectorthidae,Plectorthis? cf. simplex,"sessile, suspension feeder ","Havlí?ek, 1971 ; Candela et al., 2024","Lower part of the Fezouata Formation, Upper part of the Fezouata Formation",,,8-9 mm,
73,Brachiopoda,Rhynchonellata,Orthida,Paurorthidae,Paurorthis tadristensis,"sessile, suspension feeder ","Havlí?ek, 1971 ; Lefebvre et al., 2016",Upper part of the Fezouata Formation,,Paurothis (spelling mistake ?),,
74,Brachiopoda ,Rhynchonellata,Orthida,Ranorthidae,Tinzoulinorthis fasciata,suspension feeder,"Havlí?ek, 1971 ; Candela et al., 2024","Lower part of the Fezouata Formation, Upper part of the Fezouata Formation",,Ranorthis fasciata,2-5mm,
76,Brachiopoda,Rhynchonellata,Orthida,Tarfayidae,Tarfaya marocana,"sessile, suspension feeder ","Havlí?ek, 1971 ; Candela et al., 2024 ; Lefebvre et al, 2016",Upper part of the Fezouata Formation,,,10-17 mm,
78,BRYOZOA,,Cystosporata,,ceramoporoid bryozoan,"encrusting shells of cephalophod Rioceras?, filter/suspension feeder","Kröger & Lefebvre, 2012",Upper part of the Fezouata Formation,,,,
79,Bryozoa,-,-,-,bryozoan,filter/suspension feeder (Bryozoa),"Van Roy et al., 2015",Upper part of the Fezouata Formation,,,,
81,MOLLUSCA,"Bivalvia, Heteroconchia",Actinodontida,Intihuarellidae,Cienagomya? sp.,infaunal filter feeder,"Polechová, 2016",Upper part of the Fezouata Formation,,,2-9 mm ?? (Cienagomya bidentata),
82,Mollusca,"Bivalvia, Heteroconchia",Actinodontida,Redoniidae,Redonia michelae,"infaunal filter feeder, epibenthic","Babin & Destombes, 1990 ; Polechová, 2016, Lefebvre et al., 2016, Van Roy et al., 2015","Lower part of the Fezouata Formation, Upper part of the Fezouata Formation",,,4.2 mm à 17.5 mm ?,
83,Mollusca,"Bivalvia, Heteroconchia",Lucinida,Babinkidae,Babinka prima,"mobile, infaunal suspension-feeder, rapid burrower, mining-feeder, maybe chemosymbiosis (?)(like other lucinidae?)","Babin & Destombes, 1990 ; Polechová, 2016, Lefebvre et al., 2016, Van Roy et al., 2015","Lower part of the Fezouata Formation, Upper part of the Fezouata Formation","som, phytoplankton, based on other lucinidae",Anuscula ?,24 mm,
84,Mollusca,"Bivalvia, Heteroconchia",Lucinida,Coxiconchiidae,Coxiconchia guiraudi,"rapid burrower, infaunal filter-feeder","Polechová, 2016, Van Roy et al., 2015",Upper part of the Fezouata Formation,,Coxiconcha,5mm (Coxiconchia babini),
85,Mollusca,"Bivalvia, Protobranchia",Afghanodesmatida,Tironuculidae,Ekaterodonta courtessolei,"deposit feeder, burrower","Polechová, 2016",Upper part of the Fezouata Formation,,,5.5 mm (juvenile),
86,Mollusca,"Bivalvia, Protobranchia",Nuculida,Praenuculidae,Cardiolaria? sp.,infaunal deposit feeder,"Polechová, 2016",Upper part of the Fezouata Formation,,,10-20 mm ???,
87,Mollusca,"Bivalvia, Protobranchia",Nuculida,Praenuculidae,Praenucula sp.,"infaunal deposit feeder (Praenculidae), facultatively mobile","Babin & Destombes, 1990 ; Polechová, 2016, Lefebvre et al., 2016",Upper part of the Fezouata Formation,,,~15 mm ?,
88,Mollusca,"Bivalvia, Protobranchia",Solemyida,Ctenodontidae,Alococoncha?,infaunal deposit feeder,"Polechová, 2016",Upper part of the Fezouata Formation,,Aloconcha,???,
89,Mollusca,"Bivalvia, Pteriomorpha",Arcida,Glyptarcidae,Glyptarca sp.,infaunal filter feeder,"Polechová, 2016",Upper part of the Fezouata Formation,,,9 mm,
90,Mollusca,Cephalopoda,Discosorida,Apocrinoceratidae,Destombesiceras zagorense,"actively mobile, carnivore (Cephalopoda), nektobenthic","Kröger and Lefebvre, 2012",Upper part of the Fezouata Formation,exogastrically curved shell,,16 mm diameter,
91,Mollusca,Cephalopoda,Dissidocerida,Polymeridae,Polymeres sp.,"fast-moving, carnivore (Cephalopoda)","Kröger and Lefebvre, 2012","Lower part of the Fezouata Formation, Upper part of the Fezouata Formation",,,26 mm diameter,
92,Mollusca,Cephalopoda,Ellesmerocerida,Bathmoceratidae,Bathmoceras australe,"actively mobile, carnivore (Cephalopoda), nektobenthic","Kröger and Lefebvre, 2012",Upper part of the Fezouata Formation,,,"31 mm body chamber width, 56 mm siphuncle diameter",
93,Mollusca,Cephalopoda,Ellesmerocerida,Bathmoceratidae,Bathmoceras taichoutense,"actively mobile, carnivore (Cephalopoda)","Kröger and Lefebvre, 2012",Upper part of the Fezouata Formation,,,15 mm width,
94,Mollusca,Cephalopoda,Ellesmerocerida,Rioceratidae,Rioceras sp.,"actively mobile, carnivore (Cephalopoda), nektobenthic","Kröger and Lefebvre, 2012",Upper part of the Fezouata Formation,,,37 mm width,
95,Mollusca,Cephalopoda,Endocerida,Protocameroceratitdae,Protocyptendoceras longicameratum,"actively mobile, suspension feeder (Mironenko, 2018)","Kröger and Lefebvre, 2012",Upper part of the Fezouata Formation,large straight slender or curved shells with heavy endosiphuncular deposits,,26 mm diameter,
96,Mollusca,Cephalopoda,Orthocerida,Baltoceratidae,Bactroceras sp.,"actively mobile, carnivore (Orthocerida)","Kröger and Lefebvre, 2012",Upper part of the Fezouata Formation,straight shell,,23 mm diameter,
97,Mollusca,Gastropoda,Bellerophontida,Sinuitidae,Sinuites sp.,"actively mobile, predator of infauna","Ebbestad, 2016",Upper part of the Fezouata Formation,,,15 mm,
98,Mollusca,Gastropoda,Euomphalina,Lesueurillidae,Lesueurilla prima,"epibenthic, filter feeder","Horný, 1997 ; Ebbestad, 2016, Lefebvre et al., 2016, Van Roy et al., 2015",Upper part of the Fezouata Formation,,Ophileta prima ?,~10-25 mm,
100,Mollusca,Tergomya,Cyrtonellida,Carcassonnellidae,Carcassonnella courtessolei,"endobenthic, deposit feeder","Ebbestad, 2016, Lefebvre et al., 2016, Van Roy et al., 2015",Upper part of the Fezouata Formation,mix of juveniles and adults,Gamadiscus courtessolei ?,~2-9 mm,
101,Mollusca,Tergomya,Cyrtonellida,Carcassonnellidae,Carcassonnella vizcainoi,deposit feeder,"Ebbestad, 2016",Upper part of the Fezouata Formation,,,~6-8 mm,
102,Mollusca,Tergomya,Cyrtonellida,Carcassonnellidae,Carcassonnella sp.,deposit feeder,"Ebbestad, 2016, Van Roy et al., 2015","Lower part of the Fezouata Formation, Upper part of the Fezouata Formation","CarcaSSonella maybe ?  Not much is found on it (Horny and Peel, 1996)",,2 mm ?? ,
103,Mollusca,Tergomya,Cyrtonellida,Cyrtolitidae?,Thoralispira? cf. occitana,"epibenthic, deposit feeder","Horný, 1997 ; Ebbestad, 2016",Upper part of the Fezouata Formation,,,,
104,Mollusca,Tergomya,Cyrtonellida,Cyrtolitidae?,Thoralispira laevis,"epibenthic, deposit feeder","Horný, 1997 ; Lefebvre et al., 2016, Van Roy et al., 2015 ; Ebbestad, 2016",Upper part of the Fezouata Formation,,Cymbularia laevis ?,max 29 mm,
105,Mollusca,Rostroconchia,Ribeirioida,Ribeiriidae,Ribeiria cf. personata,"filter/suspension feeder, sessile (rostrconchia)","Gutiérrez-Marco, herein",Lower part of the Fezouata Formation,,,12-15 mm ?,
106,Mollusca,Rostroconchia,Ribeirioida,Ribeiriidae,Ribeiria sp.,"filter/suspension feeder, sessile (rostrconchia)","Van Roy et al., 2015 ; Lefebvre et al., 2016",Upper part of the Fezouata Formation,,,,
119,LOBOPODIANS,-,-,-,Armoured lobopodian 1,"Predator of sponges ??? Dunne, 2008","Van Roy et al., 2015",Upper part of the Fezouata Formation (possible armoured lobopodian),Youngest occurrence,,"lobopods? Some of 9-17 mm, but maybe incomplete ?, undet. Lobopodia - ~63mm (Yale Peabody Museum)",
127,ARTHROPODA,Artiopoda,Aglaspidida,Aglaspididae,Brachyaglaspis singularis,partcle feeder,"Ortega-Hernández et al., 2016, Van Roy et al., 2015",Upper part of the Fezouata Formation,,,69.6 mm,
130,Arthropoda,Artiopoda ,-,-,Cheloniellid,"epibenthic, predator (xiphosuran-like gnathobases for masticating food) or scavenger on or a bit in the substrate (a bit like xiphosurans) (Dunlop, 2002) predator, scavenger, eats small mobile invertebrates (Braddy and Dunlop, 2021)","Van Roy et al., 2015","Lower part of the Fezouata Formation, Upper part of the Fezouata Formation",Earliest occurrence,,12 -25 mm,
137,Arthropoda,Chelicerata ? (subphylum),,Mollisoniidae,Thelxiope sp.,"epibenthic, feeding uncertain","Van Roy et al., 2015; Aria et Caron, 2019 (supp.)","Lower part of the Fezouata Formation, Upper part of the Fezouata Formation","Youngest occurrence, diet unknown",,10-40 mm (Photos Yale Peabody Museum),
148,Arthropoda,Dinocaridida ?,Radiodonta,Hurdiidae,Pseudoangustidontus duplospineus,"suspensivore, mesoplankton","Van Roy et Tetlie, 2006, Van Roy et al., 2015 ; Potin et al., 2023","Lower part of the Fezouata Formation, Upper part of the Fezouata Formation",,,"appendage 25 mm long, spines 5.2 mm long max",
152,Arthropoda,"Malacostraca, Phyllocarida",,-,Zagoracaris fezouataensis' n.n.,feeding too uncertain,"Van Roy, 2006 ; Kröger et Lefebvre, 2012",Upper part of the Fezouata Formation,"Only mentions of the name in other articles, nothing that seems to give more info on it",,,
160,Arthropoda,Ostracoda,,-,Ostracod,"deposit feeder (martin, thesis), suspension feeder (martin, thesis), can be benthic or planktonic (brusca book)","Van Roy et al., 2015",Upper part of the Fezouata Formation ??,,,3 mm,
163,Arthropoda,-,-,Cheloniellid,Eoduslia,"benthic predator/scavenger in or on the substrate, fed on small mobile invertebrates (potential ancestor ate trilobites, brachiopods, and worms) (Dunlop, 2002 ; Brady et Dunlop, 2021) (for other species, determine if burrower of not depending on wether eyes or not (dunlop, 2002), + Cheloniellon carnivorous pcq raptorial limbs ?)",,Upper part of the Fezouata Formation,"Can't really seem to find any information on that species (Eoduslia braghimtahiri ?, Vidal1998?)",,"~ 20 mm long, ~15 mm width ?",
169,ARTHROPODA,TRILOBITA,Agnostida,Agnostidae / metagnostidae ?,Geragnostus sp.,"epibenthic, prob benthic feeder, ate algae, detritus, and microorganisms ?  Slavickova et Kraft (2001), blind ? (Turvey et Zhou, 2004), ecology hard to know because seems very varied in Agnostida (slow, detritivore)","Van Roy et al., 2015, Martin et al., 2016trilobite","Lower part of the Fezouata Formation, Upper part of the Fezouata Formation",,,9 mm,
170,Arthropoda,Trilobita,Asaphida,Asaphidae,Asaphellus fezouataensis ,"predator/scavenger, fast","Vidal, 1998 ; Lefebvre et al., 2016, Martin et al., 2016trilobite, Van Roy et al., 2015","Lower part of the Fezouata Formation, Upper part of the Fezouata Formation",hypostoma with ridges ?,,67-101 mm,
172,Arthropoda,Trilobita,Asaphida,Asaphidae,Asaphellus tataensis,"predator/scavenger, fast , (no fork in hypostome ?, but antenna good for hunting ? Edgecombe et fortey, 2022)","Vidal, 1998 ; Lefebvre et al., 2016, Martin et al., 2016trilobite","Lower part of the Fezouata Formation, Upper part of the Fezouata Formation",,,>70 mm (maybe around 90-100 ???),
173,Arthropoda,Trilobita,Asaphida,Asaphidae,Asaphellus sp. aff. jujuanus,"predator/scavenger, fast","Vidal, 1998 ; Lefebvre et al., 2016, Martin et al., 2016trilobite","Lower part of the Fezouata Formation, Upper part of the Fezouata Formation",,,37-62 mm,
174,Arthropoda,Trilobita,Asaphida,Asaphidae,Asaphellus sp.,"predator, fast","Lefebvre et al., 2016 ; Laibl et al., 2023","Lower part of the Fezouata Formation, Upper part of the Fezouata Formation",,,,
175,Arthropoda,Trilobita,Asaphida,Asaphidae,Basilicus (Basiliella?) aff. destombesi,"predator/scavenger (fortey et owens, 1999)","Vidal, 1998 ; Lefebvre et al., 2016",Upper part of the Fezouata Formation,medium eyes,,330 mm,
176,Arthropoda,Trilobita,Asaphida,Asaphidae,Basilicus (Basiliella?) destombesi,"predator/scavenger (fortey et owens, 1999)","Vidal, 1988 ; Lefebvre et al., 2016, Martin et al., 2016trilobite","Lower part of the Fezouata Formation, Upper part of the Fezouata Formation",,,330 mm,
177,Arthropoda,Trilobita,Asaphida,Asaphidae,Basilicus (Basiliella?) sp. A,"predator/scavenger (fortey et owens, 1999)","Lefebvre et al., 2016",Upper part of the Fezouata Formation,big eyes,,510 mm (sp.),
178,Arthropoda,Trilobita,Asaphida,Asaphidae,Basilicus (Basiliella?) sp. B,"predator/scavenger (fortey et owens, 1999)","Lefebvre et al., 2016",Upper part of the Fezouata Formation,,,510 mm (sp.),
179,Arthropoda,Trilobita,Asaphida,Asaphidae,Basilicus (Basilicus) vidali,"predator/scavenger (fortey et owens, 1999)","Corbacho et Vela, 2010",Upper part of the Fezouata Formation,big eyes,,360 mm,
180,Arthropoda,Trilobita,Asaphida,Asaphidae,Kierarges morrisoni,"predator/scavenger (fortey et owens, 1999)","Van Roy et al., 2015, Corbacho, 2014",Upper part of the Fezouata Formation ,,,34-140 mm,
181,Arthropoda,Trilobita,Asaphida,Asaphidae,Megalaspidella sp.,"predator (fortey et owens, 1999)","Lefebvre et al., 2016",Upper part of the Fezouata Formation,,,~26-42 mm,
182,Arthropoda,Trilobita,Asaphida,Asaphidae,Megistaspis (Ekeraspis) cf. filacovi,"epibenthic, detritivore","Vidal, 1998 ; Lefebvre et al., 2016, Martin et al., 2016trilobite","Lower part of the Fezouata Formation, Upper part of the Fezouata Formation",,,285-340 mm ??,
183,Arthropoda,Trilobita,Asaphida,Asaphidae,Megistaspis (Ekeraspis) hammondi,detritivore,"Gutiérrez-Marco et al., 2017, Corbacho & Vela, 2010 ; Laibl et al., 2023","Lower part of the Fezouata Formation, Upper part of the Fezouata Formation",,,285-340 mm,
184,Arthropoda,Trilobita,Asaphida,Asaphidae,Megistaspis (Ekeraspis) sp. indet.,detritivore,"Vidal, 1998 ; Lefebvre et al., 2016","Lower part of the Fezouata Formation, Upper part of the Fezouata Formation",,,56 mm,
185,Arthropoda,Trilobita,Asaphida,Asaphidae,Ogyginus hammondi,"predator/scavenger (fortey et owens, 1999)","Álvaro et al., 2022 ; Corbacho et Vela, 2010",Upper part of the Fezouata Formation,big eyes,,"392-491 mm, 135 mm Ogyginus sp. from Corbacho",
187,Arthropoda,Trilobita,Asaphida,Asaphidae,Nobiliasaphus? sp.,"predator/scavenger (fortey et owens, 1999)","Corbacho et Vela, 2010",Upper part of the Fezouata Formation,medium eyes,,330 mm,
195,Arthropoda,Trilobita,Asaphida,Nileidae,Symphysurus sicardi,"predator/scavenger (fortey et owens, 1999)","Lefebvre et al., 2016 ;  Gutiérrez-Marco et al., 2019","Lower part of the Fezouata Formation, Upper part of the Fezouata Formation",,Symphysurus angustatus sicardi,30-32 mm,
197,Arthropoda,Trilobita,Asaphida,Raphiophoridae,Ampyx cf. priscus,"epibenthic, filter-feeder (fortey et owens, 1999) ","Vidal, 1998 ; Martin et al., 2016trilobite, Lefebvre et al., 2016",Upper part of the Fezouata Formation,,,"10-16 mm (Yale Peabody Museum), 40-65mm",
198,Arthropoda,Trilobita,Asaphida,Raphiophoridae,Ampyx priscus ,"epibenthic, filter-feeder (fortey et owens, 1999) ","Martin et al., 2016trilobite, Lefebvre et al., 2016","Lower part of the Fezouata Formation, Upper part of the Fezouata Formation",,,"10-16 mm (Yale Peabody Museum), 40-65mm",
200,Arthropoda,Trilobita,Asaphida,Remopleurididae,Apatokephalus cf. incisus,predator/scavenger,"Martin et al., 2016trilobite","Lower part of the Fezouata Formation, Upper part of the Fezouata Formation",,,"~14, 20-30 mm long ?",
202,Arthropoda,Trilobita,Corynexochida,Leiostegiidae,Agerina quadrata,"predator (fortey et owens, 1999)","Martin et al., 2016trilobite","Lower part of the Fezouata Formation, Upper part of the Fezouata Formation",,,~10 mm,
204,Arthropoda,Trilobita,Harpetida,Harpididae,Harpides sp.,epibenthic filter feeder (chamber) Fortey et owens 1999,"Van Roy et al., 2015",Upper part of the Fezouata Formation,,,57-66 mm,
206,Arthropoda,Trilobita,Lichida,Lichidae,Bohemolichas? sp.,"scavenger or opportunistic predator eating any small animals it could find (Kraft et al., 2023, for Bohemolichas incola)","Gutiérrez-Marco, herein",Upper part of the Fezouata Formation,,,,
207,Arthropoda,Trilobita,Lichida,Lichidae,Uralichas marochii,"predator (fortey et owens, 1999)","Van Roy et al., 2015 ; Corbacho et Vela, 2013 ; Guttierez-Marco et al, 2019",Upper part of the Fezouata Formation,,  Parvilichas marochii,26 mm,
208,Arthropoda,Trilobita,Odontopleurida,Odontopleuridae,Selenopeltis sp. 1,"epifaunal, predator/scavenger (Fortey, 2014), but maybe small prey ? (livre cincinnati p.161)","Van Roy et al., 2015",Upper part of the Fezouata Formation,,,17-23 mm (undet. Odontopleurida),
209,Arthropoda,Trilobita,Odontopleurida,Odontopleuridae,Selenopeltis sp. 2,"epifaunal, predator/scavenger (Fortey, 2014), but maybe small prey ? (livre cincinnati p.161)","Van Roy et al., 2015",Upper part of the Fezouata Formation,,,17-23 mm (undet. Odontopleurida),
210,Arthropoda,Trilobita,Olenida,Eulomidae,Euloma sp.,"particle feeding (Fortey et Owens, 1999)","Van Roy et al., 2015 ; Lefebvre et al., 2016, Martin et al., 2016trilobite","Lower part of the Fezouata Formation, Upper part of the Fezouata Formation",,,31-38 mm,
212,Arthropoda,Trilobita,Phacopida,Cheiruridae,Foulonia peregrina,"predator (fortey et owens, 1999)","Martin et al., 2016trilobite","Lower part of the Fezouata Formation, Upper part of the Fezouata Formation",,Ceraurinella peregrinus ,~20-25mm,
214,Arthropoda,Trilobita,Phacopida,Dalmanitidae,Toletanaspis aff. borni,"predator (fortey et owens, 1999)","Lefebvre et al., 2016, Martin et al., 2016trilobite","Lower part of the Fezouata Formation, Upper part of the Fezouata Formation",,Ormathops borni,11-17 mm,
215,Arthropoda,Triobita,Phacopida,Dalmanitidae,Toletanaspis borni,"predator (fortey et owens, 1999)","Destombes, 1972",Upper part of the Fezouata Formation,,,,
216,Arthropoda,Trilobita,Phacopida,Bavarillidae,Bavarilla aff. zemmourensis,"predator (fortey et owens, 1999)","Lefebvre et al., 2016",Upper part of the Fezouata Formation,,,20-40 mm,
218,Arthropoda,Trilobita,Phacopida,Calymenidae,Colpocoryphe pradesensis,"predator (fortey et owens, 1999)","Martin et al., 2016trilobite","Lower part of the Fezouata Formation, Upper part of the Fezouata Formation",,,~18 mm ?,
219,Arthropoda,Trilobita,Phacopida,Calymenidae,Colpocoryphe thorali,"predator (fortey et owens, 1999)","Lefebvre et al., 2016, Martin et al., 2016trilobite","Lower part of the Fezouata Formation, Upper part of the Fezouata Formation",,,14-22.5 mm,
220,Arthropoda,Trilobita,Phacopida,Calymenidae,Colpocoryphe sp.,"predator (fortey et owens, 1999)","Van Roy et al., 2015, Martin et al., 2016trilobite","Lower part of the Fezouata Formation, Upper part of the Fezouata Formation",,,50 mm         Calymenidae in general - 8-25 mm,
221,Arthropoda,Trilobita,Phacopida,Calymenidae,Prionocheilus aff. languedocensis,"predator (fortey et owens, 1999)","Lefebvre et al., 2016",Upper part of the Fezouata Formation,,,43-60 mm ?,
222,Arthropoda,Trilobita,Phacopida,Calymenidae,Prionocheilus sp.,"predator (fortey et owens, 1999)","Van Roy et al., 2015, Martin et al., 2016trilobite","Lower part of the Fezouata Formation, Upper part of the Fezouata Formation",,,43-60 mm,
223,Arthropoda,Trilobita,Phacopida,Calymenidae,Neseuretus aff. attenuatus,"predator (fortey et owens, 1999)","Lefebvre et al., 2016, Martin et al., 2016trilobite",Upper part of the Fezouata Formation,,,83 mm (Neseuretus sp.),
224,Arthropoda,Trilobita,Phacopida,Calymenidae,Neseuretus cf. attenuatus,"predator (fortey et owens, 1999)","Martin et al., 2016trilobite","Lower part of the Fezouata Formation, Upper part of the Fezouata Formation",,,83 mm (Neseuretus sp.),
225,Arthropoda,Trilobita,Phacopida,Calymenidae,Pradoella 'tazzarinensis' n.n.,"predator (fortey et owens, 1999)","Vidal PhD, 1996 ; Lefebvre et al., 2016",Upper part of the Fezouata Formation,,,150 mm,
226,Arthropoda,Trilobita,Phacopida,Calymenidae,Pradoella sp.,"predator (fortey et owens, 1999)","Martin et al., 2016trilobite","Lower part of the Fezouata Formation, Upper part of the Fezouata Formation",,,110 - 160 mm ????,
228,Arthropoda,Trilobita,Phacopida,Cheiruridae,Ceraurinella? sp.,"predator (fortey et owens, 1999)","Lefebvre et al., 2016",Upper part of the Fezouata Formation,,,26 mm ?,
229,Arthropoda,Trilobita,Phacopida,Homalonotidae,Platycoryphe sp.,"predator (fortey et owens, 1999)","Lefebvre et al., 2016",Upper part of the Fezouata Formation,,,26 mm,
233,Arthropoda,Trilobita,Ptychopariida,Bathycheilidae (??),Parabathycheilus gallicus,"deposit feeder (enrolled of same order, Zhu et al., 2013)","Martin et al., 2016trilobite","Lower part of the Fezouata Formation, Upper part of the Fezouata Formation","enrolled of same order was deposit feeder (Zhu, 2013)","Parathycheilus gallicus, Bathycheilus gallicus",8-13-21(?) - 35 mm,
237,ECHINODERMATA,Crinoidea,Disparida,Iocrinidae,Iocrinus n. sp.,"Filter/suspension feeder (Guensburg et Sprinkle, 1992) (Brusca)","Lefebvre et al., 2016b",Upper part of the Fezouata Formation,,,,
238,Echinodermata,Crinoidea,Disparida,Ramseyocrinidae,Ramseyocrinus sp.,"Filter/suspension feeder (Guensburg et Sprinkle, 1992) (Brusca)","Donovan et Savill, 1988 ; Van Roy et al., 2015 ; Lefebvre et al., 2016",Upper part of the Fezouata Formation,,,,
240,Echinodermata,Diploporita,Sphaeronitida,Sphaeronitidae,Paleosphaeronites? prokopi,"suspension feeder (Nicol, 1982)","Chauvel, 1966 ; Lefebvre et al., 2016","Lower part of the Fezouata Formation, Upper part of the Fezouata Formation",,,,
242,Echinodermata,Edrioasteroidea,Isorophida,Isorophidae,Anedriophus moroccoensis,"passive filter feeder (livre cincinnati) (Guensburg et Sprinkle, 1992), encruster, once found attached to a dead orthocone nautiloid shell","Sumrall & Zamora, 2011 ; Van Roy et al., 2015 ; Lefebvre et al., 2016echino",Upper part of the Fezouata Formation,,,,
243,Echinodermata,Edrioasteroidea,Isorophida,Pyrgocystidae,Argodiscus espilezorum,"passive filter feeder (livre cincinnati) (Guensburg et Sprinkle, 1992), encruster","Sumrall et Zamora, 2011 ; Van Roy et al., 2015 ",Upper part of the Fezouata Formation,"identified before as Hemicystites? boehmi by Chauvel, 1978",,,
244,Echinodermata,Eocrinoidea,Ascocystitida,Rhopalocystidae,Rhopalocystis destombesi,"filter feeder (Guensburg et Sprinkle, 1992)","Ubaghs, 1963 ; Chauvel, 1971 ; Allaire et al., 2017 ; Lefebvre et al., 2016echino","Lower part of the Fezouata Formation, Upper part of the Fezouata Formation",,Rhopalocystis dehirensis,,
249,Echinodermata,Eocrinoidea,order unknown,Lingulocystidae,Lingulocystis aff. deani,"epibenthic, filter feeder (Guensburg et Sprinkle, 1992)","Lefebvre et al., 2016b",Upper part of the Fezouata Formation ,,,,
250,Echinodermata,Eocrinoidea,order unknown,Lingulocystidae,Lingulocystis elongata,"filter feeder (Guensburg et Sprinkle, 1992)","Lefebvre et al., 2016b","Lower part of the Fezouata Formation, Upper part of the Fezouata Formation",,,,
251,Echinodermata,Eocrinoidea,-,-,Balantiocystis regnelli,"filter feeder (Guensburg et Sprinkle, 1992)","Lefebvre et al., 2016","Lower part of the Fezouata Formation, Upper part of the Fezouata Formation",,,,
252,Echinodermata,Eocrinoidea,-,-,cf. Pareocrinus,"epibenthic, filter feeder (Guensburg et Sprinkle, 1992)","Lefebvre et al., 2016b","Lower part of the Fezouata Formation, Upper part of the Fezouata Formation",,,,
253,Echinodermata,Eocrinoidea,-,-,Eocrinoidea indet. sp. 1,"epibenthic, filter feeder (Guensbuerg et Sprinkle, 1992)","Lefebvre et al., 2016b","Lower part of the Fezouata Formation, Upper part of the Fezouata Formation",,,,
254,Echinodermata,Eocrinoidea,-,-,Eocrinoidea indet. sp. 2,"epibenthic, filter feeder (Guensburg et Sprinkle, 1992)","Lefebvre et al., 2016b","Lower part of the Fezouata Formation, Upper part of the Fezouata Formation",,,,
256,Echinodermata,Rhombifera,Glyptocystitida,Macrocystellidae,Macrocystella bohemica,"suspension feeder (livre cincinnati) (Guensburg et Sprinkle, 1992)","Lefebvre et al., 2016","Lower part of the Fezouata Formation, Upper part of the Fezouata Formation",,,"undet. Rhombifera YPM - <20mm, 25 mm????",
258,Echinodermata,Soluta,Syringocrinida,Minervaecystidae,Plasiacystis mobilis,"detritivore (Dupichaud, 2023)","Lefebvre et al., 2016b","Lower part of the Fezouata Formation, Upper part of the Fezouata Formation",,,50 mm,
259,Echinodermata,Soluta,Syringocrinida,Minervaecystidae,Plasiacystis sp.,"detritivore (Dupichaud, 2023)","Van Roy et al., 2015",Upper part of the Fezouata Formation,,,30 - 65 mm,
261,Echinodermata,Somasteroidea (sub-phylum Asterozoa),-,-,Somasteroid indet. n. sp. 2,suspension-feeder,"Lefebvre et al., 2016echino",Upper part of the Fezouata Formation,,,At least one species of Asterozoa? of more than 60 mm (Yale Peabody Museum),
262,Echinodermata,Somasteroidea (sub-phylum Asterozoa),-,-,Somasteroid indet. n. sp. 3,suspension-feeder,"Lefevre et al., 2016echino",Upper part of the Fezouata Formation,,,undet. Asterozoa - 12-25 mm,
266,Echinodermata,Stylophora,Cornuta,Chauvelicystidae,Ampelocarpus sp.,"suspension and/or detritus feeder (Lefebvre, 2007)","Lefebvre et al., 2016b",Upper part of the Fezouata Formation,,,,
271,Echinodermata,Stylophora,Cornuta,Chauvelicystidae,Sokkaejaecystis sp. 2,"suspension and/or detritus feeder (Lefebvre, 2007)","Lefebvre et al., 2016b, 2022","Lower part of the Fezouata Formation, Upper part of the Fezouata Formation",,"Chauvelicystid n. gen., n. sp. 2",,
278,Echinodermata,Stylophora,Cornuta,unassigned,"Cornuta n. gen. 1, n. sp.","suspension and/or detritus feeder (Lefebvre, 2007)","Lefebvre et al., 2016b, 2022","Lower part of the Fezouata Formation, Upper part of the Fezouata Formation",,,,
281,Echinodermata,Stylophora,Cornuta,unassigned,Milonicystis sp.,"suspension and/or detritus feeder (Lefebvre, 2007)","Lefebvre et al., 2016b",Upper part of the Fezouata Formation,,,,
282,Echinodermata,Stylophora,Cornuta,Scotiaecystidae,Bohemiaecystis zagoraensis,"suspension and/or detritus feeder (Lefebvre, 2007)","Lefebvre et al., 2016",Upper part of the Fezouata Formation,,Thoralicystis zagoraensis,,
284,Echinodermata,Stylophora,Mitrata,Anomalocystitidae,"Anomalocystitid n. gen., n. sp. ","suspension and/or detritus feeder (Lefebvre, 2007)","Lefebvre et al., 2016b",Upper part of the Fezouata Formation,,,,
285,Echinodermata,Stylophora,Mitrata,Kirkocystidae,Anatifopsis escandei,"suspension and/or detritus feeder (Lefebvre, 2007)","Lefebvre et al., 2016",Upper part of the Fezouata Formation,,,,
286,Echinodermata,Stylophora,Mitrata,Kirkocystidae,Anatifopsis trapeziiformis,"suspension and/or detritus feeder (Lefebvre, 2007)","Lefebvre et al., 2016b","Lower part of the Fezouata Formation, Upper part of the Fezouata Formation",,,,
287,Echinodermata,Stylophora,Mitrata,Kirkocystidae,Balanocystites primus,"suspension and/or detritus feeder (Lefebvre, 2007)","Lefebvre et al., 2016b",Upper part of the Fezouata Formation,,,,
291,Echinodermata,Stylophora,Mitrata,unassigned,Chinianocarpos sp.,"suspension and/or detritus feeder (Lefebvre, 2007)","Lefebvre et al., 2016b",Upper part of the Fezouata Formation,,,,
292,Echinodermata,Stylophora,Mitrata,unassigned,Mitrocystitid indet. cf. ovocarpus,"suspension and/or detritus feeder (Lefebvre, 2007)","Lefebvre et al., 2016b",Upper part of the Fezouata Formation,,,,
297,HEMICHORDATA,Pterobranchia,Dendroidea,Dendrograptidae,Ptilograptus n. sp.,benthic,"Gutiérrez-Marco, herein ; cf. Saleh et al., 2002, fig. 3f",?Upper part of the Fezouata Formation,,,,
308,Hemichordata,Pterobranchia,Graptoloidea,Dichograptidae,Baltograptus geometricus,planktonic,"Gutiérrez-Marco, herein",Upper part of the Fezouata Formation,,,,
309,Hemichordata,Pterobranchia,Graptoloidea,Dichograptidae,Clonograptus multiplex,"planctonique, Filter/suspension feeder ","Gutiérrez-Marco and Martin, 2016","Lower part of the Fezouata Formation, Upper part of the Fezouata Formation",,,,
311,Hemichordata,Pterobranchia,Graptoloidea,Dichograptidae,Holograptus sp.,planktonic,"Gutiérrez-Marco, herein",Upper part of the Fezouata Formation,,,,
313,Hemichordata,Pterobranchia,Graptoloidea,Didymograptidae,Plasiacystis mobilis,"planktonic, Filter/suspension feeder ","Gutiérrez-Marco and Martin, 2016",Upper part of the Fezouata Formation,,,,
314,Hemichordata,Pterobranchia,Graptoloidea,Didymograptidae,Baltograptus jacksoni,"planktonic, Filter/suspension feeder ","Gutiérrez-Marco and Martin, 2016",Upper part of the Fezouata Formation,,,,
315,Hemichordata,Pterobranchia,Graptoloidea,Didymograptidae,?Baltograptus kurcki,"planktonic, Filter/suspension feeder ","Gutiérrez-Marco and Martin, 2016",Upper part of the Fezouata Formation,,,,
316,Hemichordata,Pterobranchia,Graptoloidea,Didymograptidae,Baltograptus minutus,"planktonic, Filter/suspension feeder ","Gutiérrez-Marco and Martin, 2016",Upper part of the Fezouata Formation,,,,
317,Hemichordata,Pterobranchia,Graptoloidea,Didymograptidae,Cymatograptus protobalticus,"benthic, Filter/suspension feeder ","Gutiérrez-Marco and Martin, 2016",Upper part of the Fezouata Formation,,,,
318,Hemichordata,Pterobranchia,Graptoloidea,Didymograptidae,Expansograptus sp.,"planktonic, Filter/suspension feeder ","Gutiérrez-Marco and Martin, 2016",Upper part of the Fezouata Formation,,,,
322,Hemichordata,Pterobranchia,Graptoloidea,Phyllograptidae,Tetragraptus sp. (reclined),"planktonic, Filter/suspension feeder ","Gutiérrez-Marco and Martin, 2016",Upper part of the Fezouata Formation,,,,
323,Hemichordata,Pterobranchia,Graptoloidea,Sigmagraptidae,Azygograptus cf. eivionicus,"planktonic, Filter/suspension feeder ","Gutiérrez-Marco and Martin, 2016",Upper part of the Fezouata Formation,,,,
328,CHORDATA,,,Conodonts,Acodus deltatus,nektonic predator (soft diet),"Lehnert et al., 2016","Lower part of the Fezouata Formation, Upper part of the Fezouata Formation",,,,
330,Chordata,,,Conodonts,Cornuodus longibasis,nektonic predator (soft diet),"Lehnert et al., 2016","Lower part of the Fezouata Formation, Upper part of the Fezouata Formation","coniform (Stockey, phd)",,,
332,Chordata,,,Conodonts,Drepanodus arcuatus,nektonic predator (soft diet),"Lehnert et al., 2016",Upper part of the Fezouata Formation,"coniform (Stockey, phd)",,,
333,Chordata,,,Conodonts,Drepanoistodus cf. forceps,nektonic predator (soft diet),"Lehnert et al., 2016",Upper part of the Fezouata Formation,"coniform (Stockey, phd)",,,
334,Chordata,,,Conodonts,Paltodus cf. inaequalis,nektonic predator (soft diet),"Lehnert et al., 2016",Upper part of the Fezouata Formation,"coniform (Stockey, phd)",,,
335,Chordata,,,Conodonts,Paltodus spp.,nektonic predator (soft diet),"Lehnert et al., 2016","Lower part of the Fezouata Formation, Upper part of the Fezouata Formation","coniform (Stockey, phd)",,,
336,Chordata,,,Conodonts,Parapaltodus aff. flexuosus,nektonic predator (soft diet),"Lehnert et al., 2016",Upper part of the Fezouata Formation,"coniform (Stockey, phd)",,,
337,Chordata,,,Conodonts,Parapaltodus aff. simplicissimus,nektonic predator (soft diet),"Lehnert et al., 2016","Lower part of the Fezouata Formation, Upper part of the Fezouata Formation","coniform (Stockey, phd)",,,
338,Chordata,,,Conodonts,Parapaltodus spp.,nektonic predator (soft diet),"Lehnert et al., 2016","Lower part of the Fezouata Formation, Upper part of the Fezouata Formation","coniform (Stockey, phd)",,,
339,Chordata,,,Conodonts,Paroistodus cf. parallellus,nektonic predator (soft diet),"Lehnert et al., 2016",Upper part of the Fezouata Formation,"coniform (Stockey, phd)",,,
340,Chordata,,,Conodonts,Paroistodus cf. proteus,nektonic predator (soft diet),"Lehnert et al., 2016","Lower part of the Fezouata Formation, Upper part of the Fezouata Formation","coniform (Stockey, phd)",,,
342,Chordata,,,Conodonts,Periodon cf. selenopsis,nektonic predator (soft diet),"Lehnert et al., 2016",Upper part of the Fezouata Formation,"blade with large cusp (Stockey, phd)",,,
343,Chordata,,,Conodonts,Prioniodus cf. gilberti,nektonic predator (soft diet),"Lehnert et al., 2016",Upper part of the Fezouata Formation,"blade with large cusp (Stockey, phd)",,,
344,Chordata,,,Conodonts,Prioniodus sp.,nektonic predator (soft diet),"Lehnert et al., 2016","Lower part of the Fezouata Formation, Upper part of the Fezouata Formation","blade with large cusp (Stockey, phd)",,,
346,Chordata,,,Conodonts,Scalpellodus aff. gracilis,nektonic predator (soft diet),"Lehnert et al., 2016",Upper part of the Fezouata Formation,"coniform (Stockey, phd)",,,
349,Chordata,,,Conodonts,Semiacontiodus sp.,nektonic predator (soft diet),"Lehnert et al., 2016","Lower part of the Fezouata Formation, Upper part of the Fezouata Formation","coniform (Stockey, phd)",,,
350,Chordata,,,Conodonts,Stolodus cf. stola,nektonic predator (soft diet),"Lehnert et al., 2016",Upper part of the Fezouata Formation,"coniform (Stockey, phd)",,,
351,Chordata,,,Conodonts,Tripodus aff. laevis,nektonic predator (soft diet),"Lehnert et al., 2016",Upper part of the Fezouata Formation,"coniform (Stockey, phd)",,,
353,Chordata,,,Conodonts,Tropodus cf. comptus,nektonic predator (soft diet),"Lehnert et al., 2016",Upper part of the Fezouata Formation,"coniform (Stockey, phd)",,,
354,Chordata,,,Conodonts,Tropodus cf. sweeti,nektonic predator (soft diet),"Lehnert et al., 2016",Upper part of the Fezouata Formation,"coniform (Stockey, phd)",,,
355,Chordata,,,Conodonts,Tropodus sp.,nektonic predator (soft diet),"Lehnert et al., 2016",Upper part of the Fezouata Formation,"coniform (Stockey, phd)",,,
442,CHITINOZOAN,,,,Conochitina sp. ,,"Lefebvre et al., 2016",Upper part of the Fezouata Formation,,,,
449,Chitinozoan,,,,Eremochitina baculata brevis,,"Lefebvre et al., 2016",Upper part of the Fezouata Formation,,,,
450,Chitinozoan,,,,Eremochitina brevis s. str.,,"Nowak et al., 2016","Lower part of the Fezouata Formation, Upper part of the Fezouata Formation",,,,
,,,,,,,,,,,,
,,,,,,,,,,,,
,,,,,,,,,,,,
,,,,,,,,,,,,
,,,,,,,,,,,,
,,,,,,,,,,,,
,,,,,,,,,,,,
,,,,,,,,,,,,
,,,,,,,,,,,,
,,,,,,,,,,,,
,,,,,,,,,,,,
,,,,,,,,,,,,
,,,,,,,,,,,,
,,,,,,,,,,,,
,,,,,,,,,,,,
,,,,,,,,,,,,
,,,,,,,,,,,,
,,,,,,,,,,,,
,,,,,,,,,,,,
,,,,,,,,,,,,
