#,PHYLUM,CLASS,ORDER,FAMILY,SPECIES,ECOLOGY,REFERENCES,FORMATION,REMARKS,SYNONYMS,SIZE,,,,,,,,
1,Phytoplankton,,,,,,,,,,,,,,,,,,
2,Bacterioplankton,,,,species not included in feeding interactions,,,,,,,,,,,,,,
3,Suspended organic matter,,,,,,,,,,,,,,,,,,
4,Benthic detritus,,,,,,,,,,,,,,,,,,
5,Zooplancton,,,,,,,,,,,,,,,,,,
6,ALGAE,,,,Alga type 1,,[S1],Lower part of the Fezouata Formation,,,,,,,,,,,
7,Algae,,,,Alga type2,,[S1],,,,,,,,,,,,
8,Algae,,,,Chaetocladid,,[S1],,,,,,,,,,,,
9,PORIFERA,Demospongea,Protomonaxonida,Choiidae,Choia sp.,"sessile, suspension feeder (demospongea)",[S1-S3],"Lower part of the Fezouata Formation, Upper part of the Fezouata Formation",Youngest occurrence,,40 mm,,,,,,,,
10,Porifera,Demospongea,Protomonaxonida,Choiidae,Choia sp. B,"sessile, suspension feeder (demospongea)",[S2],Lower part of the Fezouata Formation,,,,,,,,,,,
11,Porifera,Demospongea,Protomonaxonida,Choiidae,Choiaella sp.,"sessile, suspension feeder (demospongea)",[S2],Lower part of the Fezouata Formation,,,,,,,,,,,
12,Porifera,Demospongea,Protomonaxonida,Choiidae,Choiid A,"sessile, suspension feeder (demospongea)",[S2],Lower part of the Fezouata Formation,poorly known species,,,,,,,,,,
13,Porifera,Demospongea,Protomonaxonida,Choiidae,Choiid B,"sessile, suspension feeder (demospongea)",[S2],Lower part of the Fezouata Formation,,,"Yale Peabody Museum : Choiidae : 6 mm, ~50 mm?",,,,,,,,
14,Porifera,Demospongea,Protomonaxonida,Choiidae,Choiid C,"sessile, suspension feeder (demospongea)",[S2],Lower part of the Fezouata Formation,associated with dense layers of Araneograptus murrayi,,,,,,,,,,
15,Porifera,Demospongea,Protomonaxonida,Hamptoniidae,Hamptonia' christi,"sessile, suspension feeder (demospongea)",[S1-S3],Upper part of the Fezouata Formation,"Youngest occurrence, needs to be redescribed with new genus, probably represents a range of species",,5 mm,,,,,,,,
16,Porifera,Demospongea,Protomonaxonida,Hamptoniidae,Hamptonia sp.,"sessile, suspension feeder (demospongea)",[S2],Lower part of the Fezouata Formation,partial specimen,,10 cm diameter (7-25 mm length),,,,,,,,
17,Porifera,Demospongea,Protomonaxonida,Leptomtidae,leptomitid A,"sessile, suspension feeder (demospongea)",[S2],Lower part of the Fezouata Formation,"complex, mutli-layered",,,,,,,,,,
18,Porifera,Demospongea,Protomonaxonida,Leptomtidae,leptomitid B,"sessile, suspension feeder (demospongea)",[S2],Lower part of the Fezouata Formation,simpler,,,,,,,,,,
19,Porifera,Demospongea,Protomonaxonida,Piraniidae,Pellipirania gloria,"sessile, suspension feeder (demospongea)",[S4],Lower part of the Fezouata Formation,,,"84 mm tall, 40 mm wide",,,,,,,,
20,Porifera,Demospongea,Protomonaxonida,Piraniidae,Pirania auraeum,"sessile, suspension feeder (demospongea)",[S1-S3],"Lower part of the Fezouata Formation, Upper part of the Fezouata Formation",,Auraeopirania auraeum (new genus name [S4]),34 mm,,,,,,,,
21,Porifera,Demospongea,Protomonaxonida,Piraniidae,piraniid A,"sessile, suspension feeder (demospongea)",[S2],Lower part of the Fezouata Formation,poorly preserved,,,,,,,,,,
22,Porifera,Demospongea,Protomonaxonida,Undetermined,undetermined,"sessile, suspension feeder (demospongea)",[S2],,not in feeding list,,,,,,,,,,
23,Porifera,Demospongea,-,Hazeliidae,hazeliid,"sessile, suspension feeder (demospongea)",[S2],Lower part of the Fezouata Formation,one species,,,,,,,,,,
24,Porifera,Hexactinellida,Reticulosa,-,Hexactinellids,"sessile, suspension feeder",[S1],,,,~26 mm,,,,,,,,
25,Porifera,Hexactinellida,Reticulosa,-,reticulosan A,"sessile, suspension feeder",[S2],Lower part of the Fezouata Formation,,,,,,,,,,,
26,Porifera,Hexactinellida,Reticulosa,-,reticulosan B,"sessile, suspension feeder",[S2],Lower part of the Fezouata Formation,,,,,,,,,,,
27,Porifera,Hexactinellida,Reticulosa,-,reticulosan C,"sessile, suspension feeder",[S2],Lower part of the Fezouata Formation,,,,,,,,,,,
28,Porifera,Hexactinellida,Reticulosa,-,reticulosan D,"sessile, suspension feeder",[S2],Lower part of the Fezouata Formation,,,,,,,,,,,
29,Porifera,Hexactinellida,Reticulosa,-,reticulosan E,"sessile, suspension feeder",[S2],Lower part of the Fezouata Formation,,,,,,,,,,,
30,Porifera,Hexactinellida,Reticulosa,-,species ressembling Valospongia,"sessile, suspension feeder",[S2],Lower part of the Fezouata Formation,,,,,,,,,,,
31,Porifera,-,-,Wapkidae,Wapkiids,,[S1],,,,,,,,,,,,
32,Porifera,-,monaxonid,,undetermined sponge A,,[S2],,not in feeding list,,,,,,,,,,
33,Porifera,-,,,undetermined sponge B,,[S2],,"not in feeding list, poorly preserved specimen, broadly annulated, thick-walled",,,,,,,,,,
34,Porifera,-,,,undetermined sponge C,,[S2],Lower part of the Fezouata Formation because of S. murrayi ?,"not in feeding list, poorly preserved, in dense assemblage of S. murrayi",,,,,,,,,,
35,CNIDARIA,Hydrozoa ?,Hydroidea?,-,Webbyites felix,"benthic, filter-feeder",[S5],Lower part of the Fezouata Formation,,Plumalina-like form  [S1],,,,,,,,,
36,Cnidaria,Medusozoa,,,Sphenothallus sp. 1,"sessile, benthic, poss. filter-feeder [S130]","[S1, S6]",Lower part of the Fezouata Formation,,,15-60 mm,,,,,,,,
37,Cnidaria,Medusozoa,,,?Sphenothallus sp. 2,"sessile, benthic, poss. filter-feeder [S130]",[S6],,,,,,,,,,,,
38,Cnidaria,Scyphozoa (Subphylum Medusozoa),,Conulariida,Archaeoconularia sp.,"sessile, benthic, filter-feeding",[S6-S8],"Lower part of the Fezouata Formation, Upper part of the Fezouata Formation",frequently occurs in monospecific mass associations (probable clumped distribution on the seafloor),,"100-200 mm, even 500 mm (some smaller)",,,,,,,,
39,Cnidaria,Scyphozoa (Subphylum Medusozoa),,Conulariida,Eoconularia sp.,"sessile, benthic (often attached to brachiopods?), filter-feeding",[S6-S8],Lower part of the Fezouata Formation,frequently occurs in monospecific mass associations (probable clumped distribution on the seafloor),,<50 mm - 55 mm (generally smaller),,,,,,,,
40,HYOLITHA (LOPHOPHORATA),Hyolitha,Hyolithida,Hyolithidae,Cavernolites senex,filter/suspension feeder [S9],[S10],Upper part of the Fezouata Formation,,,"90mm long minimum, aperture width 24 mm",,,,,,,,
41,Hyolitha,Hyolitha,Hyolithida,Hyolithidae,Cavernolites n. sp.,filter/suspension feeder,[S10],Lower part of the Fezouata Formation,,,"not mentioned, maybe similar to Cavernolites senex ?",,,,,,,,
42,Hyolitha,Hyolitha,Hyolithida,Hyolithidae,Elegantilites sp. A,filter/suspension feeder,[S10],Lower part of the Fezouata Formation,,,"cardinal shield 1mm, shield length 4.5 mm, total length over 25 mm",,,,,,,,
43,Hyolitha,Hyolitha,Hyolithida,Hyolithidae,Gamalites? sp.,filter/suspension feeder,[S10],Upper part of the Fezouata Formation,,,operculum 3.4 x 2.6 mm,,,,,,,,
44,Hyolitha,Hyolitha,Hyolithida,Hyolithidae,Gompholites sp. A,filter/suspension feeder,[S10],Upper part of the Fezouata Formation,,,"14 mm long minimum-20/26.4mm/30-40mm (other species), width aperture 3.5mm (other species Gompholites cf. cinctus)",,,,,,,,
45,Hyolitha,Hyolitha,Hyolithida,Pauxillitidae,Pauxillites thaddei,suspension feeder,"[S11, S12]",Upper part of the Fezouata Formation,,,20-23 mm long,,,,,,,,
46,Hyolitha,Hyolitha,Orthothecida,Orthothecidae,Nephrotheca? n. sp.,deposit feeder,[S10],Upper part of the Fezouata Formation,,,over 10 mm (undet. Hyolithida - ~10mm-30mm (L+U)-63mm (U)),,,,,,,,
47,BRACHIOPODA,Lingulata,Acrotretida,Acrotretidae,Eurytreta sp.,suspension feeder,[S13],Upper part of the Fezouata Formation,,,1-2 mm,,,,,,,,
48,Brachiopoda ,Lingulata,Lingulida,Acrothelidae,Orbithele tazagurta,suspension feeder,[S13],Lower part of the Fezouata Formation,,,5 mm,,,,,,,,
49,Brachiopoda ,Lingulata,Lingulida,Acrothelidae,Orbithele sp. 1,suspension feeder,[S13],Upper part of the Fezouata Formation,,,20 mm,,,,,,,,
50,Brachiopoda ,Lingulata,Lingulida,Acrothelidae,Orbithele sp. 2,suspension feeder,[S13],Upper part of the Fezouata Formation,,,9 mm,,,,,,,,
51,Brachiopoda ,Lingulata,Lingulida,Obolidae,Glossella sp.,suspension feeder,[S13],Lower part of the Fezouata Formation,,,11 mm,,,,,,,,
52,Brachiopoda ,Lingulata,Lingulida,Obolidae,Lingulella lata?,suspension feeder,[S13],Lower part of the Fezouata Formation,,,5-7 mm,,,,,,,,
53,Brachiopoda ,Lingulata,Lingulida,Obolidae,Obolidae indet.,suspension feeder,[S13],Lower part of the Fezouata Formation,,,3 mm,,,,,,,,
54,Brachiopoda ,Lingulata,Lingulida,Obolidae,Paldiskites aff. sulcatus,suspension feeder,[S13],Upper part of the Fezouata Formation,,,6-7 mm,,,,,,,,
55,Brachiopoda ,Lingulata,Lingulida,Obolidae,Rafanoglossa inversa,suspension feeder,[S13],"Lower part of the Fezouata Formation, Upper part of the Fezouata Formation ",,,8-11 mm,,,,,,,,
56,Brachiopoda ,Lingulata,Lingulida,Obolidae,Spondyglossella? sp.,suspension feeder,[S13],Lower part of the Fezouata Formation,,,6-13 mm,,,,,,,,
57,Brachiopoda ,Lingulata,Lingulida,Obolidae,Wosekella filiola,suspension feeder,[S13],Lower part of the Fezouata Formation,,,5-13 mm,,,,,,,,
58,Brachiopoda,Lingulata,Lingulida,Obolidae,Wosekella maghribi ,endobenthic (ordovician Wosekella) or semi-infaunal suspension feeder (Cambrian Wosekella),[S13],Lower part of the Fezouata Formation,uncertain phylogeny,,"~ 10 mm ??, 7-8mm",,,,,,,,
59,Brachiopoda ,Lingulata,Lingulida,Pseudolingulidae,Sedlecilingula sp.,suspension feeder,[S13],Lower part of the Fezouata Formation,,,17-25 mm,,,,,,,,
60,Brachiopoda ,Lingulata,Lingulida,Zhanatellidae,Thysanotos cf. siluricus,suspension feeder,[S13],"Lower part of the Fezouata Formation, Upper part of the Fezouata Formation",,,25-34 mm,,,,,,,,
61,Brachiopoda ,Lingulata,Siphonotretida,Siphonotretidae,Celdobolus mirandus,"sessile, suspension feeder ",[S13],"Lower part of the Fezouata Formation, Upper part of the Fezouata Formation",uncertain phylogeny,,4 mm,,,,,,,,
62,Brachiopoda ,Paterinata,Paterinida,Paterinidae,Lacunites punctum,suspension feeder,[S13],Lower part of the Fezouata Formation,,,10-13 mm,,,,,,,,
63,Brachiopoda,Rhynchonellata,Orthida,Angusticardiniidae,Angusticardinia sp.,"sessile, suspension feeder ","[S7, S13, S14]",Lower part of the Fezouata Formation,,,4 mm,,,,,,,,
64,Brachiopoda ,Rhynchonellata,Orthida,Draboviidae,Nocturnellia sp.,suspension feeder,[S13],Lower part of the Fezouata Formation,,,3-6 mm,,,,,,,,
65,Brachiopoda ,Rhynchonellata,Orthida,Euorthisinidae,Euorthisina sp. 1,suspension feeder,[S13],Lower part of the Fezouata Formation,,,5 mm,,,,,,,,
66,Brachiopoda ,Rhynchonellata,Orthida,Euorthisinidae,Euorthisina sp. 2,suspension feeder,[S13],Upper part of the Fezouata Formation,,,13-16 mm,,,,,,,,
67,Brachiopoda ,Rhynchonellata,Orthida,Giraldiellidae,Kvania sp.,suspension feeder,[S13],Lower part of the Fezouata Formation,,,9 mm,,,,,,,,
68,Brachiopoda ,Rhynchonellata,Orthida,Heterorthidae,Incorthis sp.,suspension feeder,[S13],Lower part of the Fezouata Formation,,,8 mm,,,,,,,,
69,Brachiopoda ,Rhynchonellata,Orthida,Nanorthidae,Nothorthis sp.,suspension feeder,[S13],"Lower part of the Fezouata Formation, Upper part of the Fezouata Formation",,,6-19 mm,,,,,,,,
70,Brachiopoda ,Rhynchonellata,Orthida,Orthidae,Paralenorthis? sp.,suspension feeder,[S13],Upper part of the Fezouata Formation,,,3-4 mm,,,,,,,,
71,Brachiopoda ,Rhynchonellata,Orthida,Plectorthidae,Nanorthis sp.,suspension feeder,[S13],"Lower part of the Fezouata Formation, Upper part of the Fezouata Formation",,,10-13 mm,,,,,,,,
72,Brachiopoda,Rhynchonellata,Orthida,Plectorthidae,Plectorthis? cf. simplex,"sessile, suspension feeder ","[S13, S14]","Lower part of the Fezouata Formation, Upper part of the Fezouata Formation",,,8-9 mm,,,,,,,,
73,Brachiopoda,Rhynchonellata,Orthida,Paurorthidae,Paurorthis tadristensis,"sessile, suspension feeder ","[S7, S14]",Upper part of the Fezouata Formation,,Paurothis (spelling mistake ?),,,,,,,,,
74,Brachiopoda ,Rhynchonellata,Orthida,Ranorthidae,Tinzoulinorthis fasciata,suspension feeder,"[S13, S14]","Lower part of the Fezouata Formation, Upper part of the Fezouata Formation",,Ranorthis fasciata,2-5mm,,,,,,,,
75,Brachiopoda ,Rhynchonellata,Orthida,Ranorthidae,Tinzoulinorthis? sp.,suspension feeder,[S13],Lower part of the Fezouata Formation,,,3-5 mm,,,,,,,,
76,Brachiopoda,Rhynchonellata,Orthida,Tarfayidae,Tarfaya marocana,"sessile, suspension feeder ","[S7, S13, S14]",Upper part of the Fezouata Formation,,,10-17 mm,,,,,,,,
77,Brachiopoda,Rhynchonellata,Orthida,Tarfayidae,Tarfaya sp.,suspension feeder,[S13],Lower part of the Fezouata Formation,,,10 mm,,,,,,,,
78,BRYOZOA,,Cystosporata,,ceramoporoid bryozoan,"encrusting shells of cephalophod Rioceras?, filter/suspension feeder",[S15],Upper part of the Fezouata Formation,,,,,,,,,,,
79,Bryozoa,-,-,-,bryozoan,filter/suspension feeder (Bryozoa),[S1],Upper part of the Fezouata Formation,,,,,,,,,,,
80,MOLLUSCA,Aculifera (not class),Sachitida ,Siphogonuchitoidea,Calvapilosa kroegeri,"grazer, actively mobile (Sachitida), epibenthic","[S16, S17]",Lower part of the Fezouata Formation,,,15 - 120 mm,,,,,,,,
81,Mollusca,"Bivalvia, Heteroconchia",Actinodontida,Intihuarellidae,Cienagomya? sp.,infaunal filter feeder,[S18],Upper part of the Fezouata Formation,,,2-9 mm ?? (Cienagomya bidentata),,,,,,,,
82,Mollusca,"Bivalvia, Heteroconchia",Actinodontida,Redoniidae,Redonia michelae,"infaunal filter feeder, epibenthic","[S1, S7, S18, S19]","Lower part of the Fezouata Formation, Upper part of the Fezouata Formation",,,4.2 mm à 17.5 mm ?,,,,,,,,
83,Mollusca,"Bivalvia, Heteroconchia",Lucinida,Babinkidae,Babinka prima,"mobile, infaunal suspension-feeder, rapid burrower, mining-feeder, maybe chemosymbiosis (?)(like other lucinidae?)","[S1, S7, S18, S19]","Lower part of the Fezouata Formation, Upper part of the Fezouata Formation","som, phytoplankton, based on other lucinidae",Anuscula ?,24 mm,,,,,,,,
84,Mollusca,"Bivalvia, Heteroconchia",Lucinida,Coxiconchiidae,Coxiconchia guiraudi,"rapid burrower, infaunal filter-feeder","[S1, S18]",Upper part of the Fezouata Formation,,Coxiconcha,5mm (Coxiconchia babini),,,,,,,,
85,Mollusca,"Bivalvia, Protobranchia",Afghanodesmatida,Tironuculidae,Ekaterodonta courtessolei,"deposit feeder, burrower",[S18],Upper part of the Fezouata Formation,,,5.5 mm (juvenile),,,,,,,,
86,Mollusca,"Bivalvia, Protobranchia",Nuculida,Praenuculidae,Cardiolaria? sp.,infaunal deposit feeder,[S18],Upper part of the Fezouata Formation,,,10-20 mm ???,,,,,,,,
87,Mollusca,"Bivalvia, Protobranchia",Nuculida,Praenuculidae,Praenucula sp.,"infaunal deposit feeder (Praenculidae), facultatively mobile","[S7, S18, S19]",Upper part of the Fezouata Formation,,,~15 mm ?,,,,,,,,
88,Mollusca,"Bivalvia, Protobranchia",Solemyida,Ctenodontidae,Alococoncha?,infaunal deposit feeder,[S18],Upper part of the Fezouata Formation,,Aloconcha,???,,,,,,,,
89,Mollusca,"Bivalvia, Pteriomorpha",Arcida,Glyptarcidae,Glyptarca sp.,infaunal filter feeder,[S18],Upper part of the Fezouata Formation,,,9 mm,,,,,,,,
90,Mollusca,Cephalopoda,Discosorida,Apocrinoceratidae,Destombesiceras zagorense,"actively mobile, carnivore (Cephalopoda), nektobenthic",[S15],Upper part of the Fezouata Formation,exogastrically curved shell,,16 mm diameter,,,,,,,,
91,Mollusca,Cephalopoda,Dissidocerida,Polymeridae,Polymeres sp.,"fast-moving, carnivore (Cephalopoda)",[S15],"Lower part of the Fezouata Formation, Upper part of the Fezouata Formation",,,26 mm diameter,,,,,,,,
92,Mollusca,Cephalopoda,Ellesmerocerida,Bathmoceratidae,Bathmoceras australe,"actively mobile, carnivore (Cephalopoda), nektobenthic",[S15],Upper part of the Fezouata Formation,,,"31 mm body chamber width, 56 mm siphuncle diameter",,,,,,,,
93,Mollusca,Cephalopoda,Ellesmerocerida,Bathmoceratidae,Bathmoceras taichoutense,"actively mobile, carnivore (Cephalopoda)",[S15],Upper part of the Fezouata Formation,,,15 mm width,,,,,,,,
94,Mollusca,Cephalopoda,Ellesmerocerida,Rioceratidae,Rioceras sp.,"actively mobile, carnivore (Cephalopoda), nektobenthic",[S15],Upper part of the Fezouata Formation,,,37 mm width,,,,,,,,
95,Mollusca,Cephalopoda,Endocerida,Protocameroceratitdae,Protocyptendoceras longicameratum,"actively mobile, suspension feeder (Mironenko, 2018)",[S15],Upper part of the Fezouata Formation,large straight slender or curved shells with heavy endosiphuncular deposits,,26 mm diameter,,,,,,,,
96,Mollusca,Cephalopoda,Orthocerida,Baltoceratidae,Bactroceras sp.,"actively mobile, carnivore (Orthocerida)",[S15],Upper part of the Fezouata Formation,straight shell,,23 mm diameter,,,,,,,,
97,Mollusca,Gastropoda,Bellerophontida,Sinuitidae,Sinuites sp.,"actively mobile, predator of infauna",[S20],Upper part of the Fezouata Formation,,,15 mm,,,,,,,,
98,Mollusca,Gastropoda,Euomphalina,Lesueurillidae,Lesueurilla prima,"epibenthic, filter feeder","[S1, S7, S20, S21]",Upper part of the Fezouata Formation,,Ophileta prima ?,~10-25 mm,,,,,,,,
99,Mollusca,Paragastropoda,Mimospirida,Onychochilidae,Pelecyogyra fezouataensis,"epibenthic, mobile browser, deposit feeder ?","[S20, S22]",Lower part of the Fezouata Formation,,,max 30 mm (3mm to 30),,,,,,,,
100,Mollusca,Tergomya,Cyrtonellida,Carcassonnellidae,Carcassonnella courtessolei,"endobenthic, deposit feeder","[S1, S7, S20]",Upper part of the Fezouata Formation,mix of juveniles and adults,Gamadiscus courtessolei ?,~2-9 mm,,,,,,,,
101,Mollusca,Tergomya,Cyrtonellida,Carcassonnellidae,Carcassonnella vizcainoi,deposit feeder,[S20],Upper part of the Fezouata Formation,,,~6-8 mm,,,,,,,,
102,Mollusca,Tergomya,Cyrtonellida,Carcassonnellidae,Carcassonnella sp.,deposit feeder,"[S1, S20]","Lower part of the Fezouata Formation, Upper part of the Fezouata Formation",,,2 mm ?? ,,,,,,,,
103,Mollusca,Tergomya,Cyrtonellida,Cyrtolitidae?,Thoralispira? cf. occitana,"epibenthic, deposit feeder","[S20, S21]",Upper part of the Fezouata Formation,,,,,,,,,,,
104,Mollusca,Tergomya,Cyrtonellida,Cyrtolitidae?,Thoralispira laevis,"epibenthic, deposit feeder","[S1, S7, S20, S21]",Upper part of the Fezouata Formation,,Cymbularia laevis ?,max 29 mm,,,,,,,,
105,Mollusca,Rostroconchia,Ribeirioida,Ribeiriidae,Ribeiria cf. personata,"filter/suspension feeder, sessile (rostrconchia)","Gutiérrez-Marco, herein",Lower part of the Fezouata Formation,,,12-15 mm ?,,,,,,,,
106,Mollusca,Rostroconchia,Ribeirioida,Ribeiriidae,Ribeiria sp.,"filter/suspension feeder, sessile (rostrconchia)","[S1, S7]",Upper part of the Fezouata Formation,,,,,,,,,,,
107,Mollusca ???,-,-,Wiwaxiidae,Wiwaxiid,"bacterioplankton, detritus, algae ? [S23]",[S1],Lower part of the Fezouata Formation,Youngest occurrence,,2-50 mm depending on species and age,,,,,,,,
108,ANNELIDA,Machaeridia,Turrilepadomorpha,Plumulitidae,Large plumulitid,"scavenger or predator, epibenthic","[S1, S24]",Lower part of the Fezouata Formation,"cannibalism widespread in phyllodocidae, phyllodocidae eat small invertebrates",,maybe a bit more than Plumulites bengtsoni since it is qualified as large ?,,,,,,,,undet. Machaeridia - 28 mm
109,Annelida,Machaeridia,Turrilepadomorpha,Plumulitidae,Plumulites bengtsoni,"scavenger or predator, epibenthic","[S1, S24, S25]",Lower part of the Fezouata Formation,"sediment-filled gut, canibalism widespread in pyllodocidae, phyllodocidae eat small invertebrates, some sp. eat zooplankton?, some annelids eat small invertebrates including molluscs, crustaceans, polychaetes, hydroids, bryozoans, and other colonial invertebrates [S26, S27]. Macrophages usually encounter, handle, and ingest one item at a time. Their prey or other
food items are usually on the order of 0.1 times as long as the ingesting individual [S28], byozoans [S29].",Plumulites bengstoni (spelling mistake),"58 mm, width (~10 mm)",,,,,,,,
110,Annelida,Polychaeta,,,Possible phyllodocid,predator or scavenger (based on current species),[S1],,"cannibalism widespread in phyllodocidae, phyllodocidae eat small invertebrates, some pelagic (?) sp. eat zooplankton",,,,,,,,,,
111,Annelida,Polychaeta,Eunicida,,Isolated scolecodonts,,[S1],,not in feeding list,,,,,,,,,,
112,Annelida,Polychaeta,-,-,Polychaete 1,epibenthic,[S1],,not in feeding list,,,,,,,,,,
113,Annelida,Polychaeta,-,-,Polychaete2,,[S1],,not in feeding list,,,,,,,,,,
114,Annelida,,,,Probable annelid 1,,[S1],,not in feeding list,,,,,,,,,,
115,Annelida,,,,Probable annelid 2,,[S1],,not in feeding list,,,,,,,,,,
116,PRIAPULIDA,Palaeoscolecida (in Priapulida ?),,Palaeoscolecidae,Palaeoscolex cf. tenensis,"small prey (small larval stages of invertebrates)(small teeth) (shelled invertebrates ok [S30]) and edible particles (ex: detritus), endobenthic ?, deposit feeding ? [S31]?)  (cannibalism [S32])","[S1, S31, S33]",Lower part of the Fezouata Formation,"one specimen with a digestive tract filled with sediment-like material (most probably deposit feeding - 2), epibenthic ?, une autre espèce ailleurs avait petit arthoropode dans gut, en général, semble être omnivore - ingère sédiments aussi un peu comme priapulides modernes (donc ingère sédiments et mange petits trucs morts ou vivants sur son passage)",,"20-50 mm long ou plus,  max 30 mm wide",,,,,,,,
117,Priapulida,-,-,-,Priapulid,"endobenthic, carnivore/scavenger ?,   hyoliths, tiny arthropods, brachiopods, polychaetes [S34]",[S1],,,,4-24 mm (undet. Priapulida YPM),,,,,,,,
118,Priapulida,,Selkirkiimorpha,Selkirkiidae,Selkirkia tsering,"tube-dwelling worm, carnivore and/or scavenger",[S35],Lower part of the Fezouata Formation,,,"3-75 mm length, up to ~ 10 mm width ???",,,,,,,,
119,LOBOPODIANS,-,-,-,Armoured lobopodian 1,Predator of sponges ??? [S23],[S1],Upper part of the Fezouata Formation (possible armoured lobopodian),Youngest occurrence,,"lobopods? Some of 9-17 mm, but maybe incomplete ?, undet. Lobopodia - ~63mm (Yale Peabody Museum)",,,,,,,,
120,Lobopodians,-,-,-,Armoured lobopodian 2,Predator of sponges ??? [S23],[S1],,Youngest occurrence,,,,,,,,,,
121,Lobopodians,-,-,-,Armoured lobopodian 3,Predator of sponges ??? [S23],[S1],,Youngest occurrence,,,,,,,,,,
122,Lobopodians,,,,Diania-like lobopodian,predator of sponges ?,[S36],,so armoured ?,,,,,,,,,,
123,Lobopodians,-,-,-,Large taxon with spinose limbs,filter feeder ? [S37],[S1],,Youngest occurrence,,,,,,,,,,
124,Lobopodians,-,-,-,Small taxon with spinose limbs,filter feeder ? [S37],[S1],,Youngest occurrence,,,,,,,,,,
125,ARTHROPODA,"Arachnomorpha, Euchelicerata",,"Offacolidae, Synziphosurine",Setapedites abundantis,"fast-moving, predator","[S1, S38, S39]",Lower part of the Fezouata Formation,"Earliest occurrence, in [S36], thesis - petite limule (small horsehoe crab) ?",,3-9 mm,,,,,,,,
126,Arthropoda,"Artiopoda, subclass Conciliterga",,-,Possible helmetiid,"nektonic or planktonic ?, according to [S23], could be filter-feeder(Burgess species) or detritivore(Chengjiang species)",[S1],,Youngest occurrence,,,,,,,,,,
127,Arthropoda,Artiopoda,Aglaspidida,Aglaspididae,Brachyaglaspis singularis,partcle feeder,"[S1, S40]",Upper part of the Fezouata Formation,,,69.6 mm,,,,,,,,
128,Arthropoda,Artiopoda,Aglaspidida,Tremaglaspidiae,Tremaglaspis sp.,particle feeder (bc natant hypostome?) ,"[S1, S40]",Lower part of the Fezouata Formation (?),"natant hypostome, ([S41], hypostome to handle bigger food elements than chulpacaris ?, maybe predator/scavenger like most other aglaspids ?)",Tremaglaspis 'vanroyi' n.n.,45-85 mm,,,,,,,,
129,Arthropoda,Artiopoda,-,-,Possible retifaciid,"epibenthic, see remarks",[S1],,"Youngest occurrence, other species from Chengjiang of same group could be benthic scavenger of soft-bodied organisms and/or eat orgabic matter, p-ê petits  organismes à coquille [S42]",,,,,,,,,,
130,Arthropoda,Artiopoda ,-,-,Cheloniellid,"epibenthic, predator (xiphosuran-like gnathobases for masticating food) or scavenger on or a bit in the substrate (a bit like xiphosurans) [S43] predator, scavenger, eats small mobile invertebrates [S44].",[S1],"Lower part of the Fezouata Formation, Upper part of the Fezouata Formation",Earliest occurrence,,12 -25 mm,,,,,,,,
131,Arthropoda,"Chelicerata (subphylum), Dekatriata (clade)",-,-,Chasmataspidid,"epibenthic, one species during the Devonian probably preyed on small infaunal and semi infaunal organisms such as bivalves and inarticulate brachiopods, but not much evidence [S45], probably benthic predator with mode of life like xiphosurans, maybe ate small phyllocarid and ostracods, maybe worms like xiphosurans [S43].",[S1],,"Earliest occurrence, Hoplitaspis would have been a predator of relatively soft epibenthic stuff, but other species later do something else ??",,12-16 mm,,,,,,,,
132,Arthropoda,"Chelicerata (subphylum), Dekatriata (clade)",-,Carcinosomatidae,?Carcinosoma aurorae,,[S1],Lower part of the Fezouata Formation,"Earliest occurence, Very recent article, species added in list only a few days before submission",,,,,,,,,,
133,Arthropoda,"Chelicerata (subphylum), Dekatriata (clade), Sclerophorata (clade)",-,-,Eurypterid 1,"nektobenthic, predator, would eat trilobites and other eurypterids, potentially not very specialized, because the morphology of its appendices is not very specialized",[S1],,Earliest occurrence,,one jaw fragment 10mm long,,,,,,,,
134,Arthropoda,"Chelicerata (subphylum), Dekatriata (clade), Sclerophorata (clade)",-,-,Eurypterid 2,"nektobenthic, predator, would eat trilobites and other eurypterids, potentially not very specialized, because the morphology of its appendices is not very specialized",[S1],,Earliest occurrence,,,,,,,,,,
135,Arthropoda,"Chelicerata, Pycnogonida",-,-,Possible pycnogonid,"epibenthic, see remarks",[S1],,"current species eat algae, hydroids(lots), jellyfish, bryozoans, nudibranches, bivalves (parasites), gastropodes (observed), annelids, some dead amphipods and copepods ?, detritus (when nothing else ?), so generalists for the most part [S46], bryozans [S29].",,,,,,,,,,
136,Arthropoda,"Chelicerata, Xiphosura",-,-,Xiphosurid,"epibenthic, selective ominvore, see remarks",[S1],Lower part of the Fezouata Formation,"Earliest occurrence, ([S47] - current species eat bivalves, worms, gastropods, shrimp-like stuff, copepods, isopods, plant material (algae ??), a bit of bryozoa, cirripedia, foraminifera, ) ([S48] - must eat combination of plant and animals it seems)",,"body-5(?)-10-40mm, with tail, up to 60mm",,,,,,,,
137,Arthropoda,Chelicerata ? (subphylum),,Mollisoniidae,Thelxiope sp.,"epibenthic, feeding uncertain","[S1, S49]","Lower part of the Fezouata Formation, Upper part of the Fezouata Formation","Youngest occurrence, diet unknown",,10-40 mm (Photos Yale Peabody Museum),,,,,,,,
138,Arthropoda,Chelicerata ? (subphylum),,Mollisoniidae,Mollisonia sp. 1,"epibenthic, predatory ?? (one species in [S49]), feeding too uncertain",[S1],,"Youngest occurrence,feeding unknown",,,,,,,,,,
139,Arthropoda,Chelicerata ? (subphylum),,Mollisoniidae,Mollisonia sp. 2,feeding too uncertain,[S1],,"Youngest occurrence, feeding unknown",,,,,,,,,,
140,Arthropoda,Chelicerata (subphylum),,-,Basal chelicerate,feeding uncertain,[S1],,"Earliest occurrence, too vague to be used",,,,,,,,,,
141,Arthropoda,Cirripedia (infraclass),,Lepadomorpha (suborder),Lepadomorph barnacle,"epibenthic, filter feeder (detritus, phytoplankton, zooplankton,  small crustacea, copepods, polychaetes, hydroids)[S50]",[S1],,,,"13 mm (Yale Peabody Museum, but Cirripedia?, don't know if lepadomorph)",,,,,,,,
142,Arthropoda,Dinocaridida ?,Radiodonta,Amplectobeluidae,amplectobeluids,nektonic carnivore,[S17],,,,"appendage, average 40 mm long (Amplectobelua stephenensis)",,,,,,,,
143,Arthropoda,Dinocaridida ?,Radiodonta,-,Anomalocaris-like taxon,possibly nektonic carnivore like Anomalocaris ?,[S1],,Youngest occurrence,,"most 300-600 mm, some 1m",,,,,,,,
144,Arthropoda,Dinocaridida ?,"Radiodonta, Anomalocaridids",Hurdiidae,Aegirocassis benmoulai,filter feeder (mesoplankton),"[S1, S51, S52]",Lower part of the Fezouata Formation,Youngest occurrence,,2 m,,,,,,,,
145,Arthropoda,Dinocaridida ?,Radiodonta,Hurdiidae,Hurdiid 2,"predator that sifts sediments (so eats benthic stuff), epibenthic (since its sifts, maybe not to big preys ??? Since not really hunting ??)",[S1],,Youngest occurrence,,80 to 300 mm ?,,,,,,,,
146,Arthropoda,Dinocaridida ?,Radiodonta,Hurdiidae,Hurdiid 3,"predator that sifts sediments (so eats benthic stuff), epibenthic",[S1],,Youngest occurrence,,80 to 300 mm ?,,,,,,,,
147,Arthropoda,Dinocaridida ?,Radiodonta,Hurdiidae,Hurdiid 4,"predator that sifts sediments (so eats benthic stuff), epibenthic",[S1],,Youngest occurrence,,80 to 300 mm ?,,,,,,,,
148,Arthropoda,Dinocaridida ?,Radiodonta,Hurdiidae,Pseudoangustidontus duplospineus,"suspensivore, mesoplankton","[S1, S52, S53]","Lower part of the Fezouata Formation, Upper part of the Fezouata Formation",,,"appendage 25 mm long, spines 5.2 mm long max",,,,,,,,
149,Arthropoda,Dinocaridida ?,Radiodonta,Hurdiidae,Pseudoangustidontus izdigua,"suspensivore, mesoplankton",[S52],Lower part of the Fezouata Formation,,,,,,,,,,,
150,Arthropoda,Dinocaridida ?,Radiodonta,Hurdiidae,Pseudoangustidontus sp. ,"suspensivore, mesoplankton",[S52],Lower part of the Fezouata Formation,,,"appendage 25 mm long, spines 5.2 mm long max (?)",,,,,,,,
151,Arthropoda,"Malacostraca, Phyllocarida",Canadaspidida (synonym Hymenocarina?),-,Canadaspidid,"mobile, nektobenthic, carnivore [S54]",[S1],,"Youngest occurrence, trilobite predator [S54]","Hymenocarina = Canadaspidida, Canadspidid",40 mm,,,,,,,,
152,Arthropoda,"Malacostraca, Phyllocarida",,-,Zagoracaris fezouataensis' n.n.,feeding too uncertain,"[S15, S41]",Upper part of the Fezouata Formation,"Only mentions of the name in other articles, nothing that seems to give more info on it",,,,,,,,,,
153,Arthropoda,Malacostraca,,-,Phyllocarid,"epibenthic (?), pelagic (??), can swim (pelagic and nektobenthonic), burrowing, feeds in the water column ? [S43], deposit feeder [S55], current ones filter feed sediments stirred up, or carnivorous scavengers [S56] carnivorous ? [S57]","[S1, S55]",,,,15 mm (undet. Phyllocarida YPM),,,,,,,,
154,Arthropoda,Malacostraca,,-,Angustidontid,"pelagic predator [58, 59](could eat cephalopods ? and maybe conodonts ?) ","[S1, S17]",,Earliest occurrence,,"Late Devonian sp = maxilliped  ~ 16mm to 66mm (42mm for last article, toothed area 8 to 34 mm) , body 29mm-74mm ?(from those found)[S59]",,,,,,,,
155,Arthropoda,Marrellomorpha,Acercostraca,Vachonisiidae,Enosiaspis hrungnir,"epibenthic, scavenger/deposit feeder","[S1, S60]",Lower part of the Fezouata Formation,,,7-15 mm,,,,,,,,
156,Arthropoda,Marrellomorpha,Marrellida,Mimetasteridae,Furca sp. 1,filter-feeder,[S1],Lower part of the Fezouata Formation,"Marella would be a nektobenthic filter-feeder [S61] or marrellomorphs = scavengers/deposit feeders (but other group ?), [S62] say benthic, but need to see more details of the appendages",,13-40 mm,,,,,,,,
157,Arthropoda,Marrellomorpha,Marrellida,Mimetasteridae,Furca sp. 2,filter-feeder,[S1],Lower part of the Fezouata Formation,,,,,,,,,,,
158,Arthropoda,Marrellomorpha,Marrellida,Mimetasteridae,Furca sp. 3,filter-feeder,[S1],Lower part of the Fezouata Formation,,,,,,,,,,,
159,Arthropoda,Megacheira,,Leanchoiliidae,Leanchoilia sp.,"predator, nekto-epibenthic, agile [S61, S63]",[S1],,"Youngest occurrence, mange trilobite [S54]",,24-32 mm,,,,,,,,
160,Arthropoda,Ostracoda,,-,Ostracod,"deposit feeder [S36], suspension feeder [S36], can be benthic or planktonic [S56]",[S1],Upper part of the Fezouata Formation ??,,,3 mm,,,,,,,,
161,Arthropoda,-,Nektaspida,Naraoiidae,Naraoiid,"epibenthic opportunistic scavenger/predator of soft-bodied invertebrates [S64-S66], mud-eater [S67].",[S1],,Non-biomineralized,,~43 mm (undet. Naraoiidae),,,,,,,,
162,Arthropoda,-,Nektaspida,Liwiidae,Tariccoia tazagurtensis,"epibenthic opportunistic scavenger/predator of soft-bodied invertebrates [S65, S68], mud-eater [S67]","[S1, S69]",Lower part of the Fezouata Formation,,,max 8 mm,,,,,,,,
163,Arthropoda,-,-,Cheloniellid,Eoduslia,"benthic predator/scavenger in or on the substrate, fed on small mobile invertebrates (potential ancestor ate trilobites, brachiopods, and worms) [S43, S44] (for other species, determine if burrower of not depending on wether eyes or not [S43], + Cheloniellon carnivorous pcq raptorial limbs ?)",,Upper part of the Fezouata Formation,"Can't really seem to find any information on that species (Eoduslia braghimtahiri ?, [S77]?)",,"~ 20 mm long, ~15 mm width ?",,,,,,,,
164,Arthropoda,-,,-,Possible waptiid,Waptia was active swimming predator of soft prey items or soft tissues from carcasses [S70] or scavenger [S71] ([S23] put that it eats small hyoliths and other soft bodied stuff in Burgess and detritus in Chenjiang),[S1],,Youngest occurrence,,20-110 mm according to sp. [S72],,,,,,,,
165,Arthropoda,,,-,Cycloid-like taxon,,[S1],,"looks like crab, cyloids only actually appear in carboniferous ?, prob very varied modes of life",,,,,,,,,,
166,Arthropoda,Unknown,,Unknown,Multiple bivalved taxa,,"[S1, S73]",,,,,,,,,,,,
167,Arthropoda,Unknown,,Unknown,Several taxa of currently uncertain affinity,,[S1],,,,,,,,,,,,
168,ARTHROPODA,TRILOBITA,Agnostida,Agnostidae / metagnostidae ? ,Geragnostus aff. occitanus,"epibenthic, prob benthic feeder, ate algae, detritus, and microorganisms ?  [S74], blind ? [S75], ecology hard to know because seems very varied in Agnostida (slow, detritivore)","[S1, S76]",,,,9 mm ? (Geragnostus sp.),,,,,,,,
169,Arthropoda,Trilobita,Agnostida,Agnostidae / metagnostidae ?,Geragnostus sp.,"epibenthic, prob benthic feeder, ate algae, detritus, and microorganisms ?  [S74], blind ? [S75], ecology hard to know because seems very varied in Agnostida (slow, detritivore)","[S1, S76]","Lower part of the Fezouata Formation, Upper part of the Fezouata Formation",,,9 mm,,,,,,,,
170,Arthropoda,Trilobita,Asaphida,Asaphidae,Asaphellus fezouataensis ,"predator/scavenger, fast","[S1, S7, S76, S77]","Lower part of the Fezouata Formation, Upper part of the Fezouata Formation",hypostoma with ridges ?,,67-101 mm,,,,,,,,
171,Arthropoda,Trilobita,Asaphida,Asaphidae,Asaphellus stubbsi,"epibenthic, predator, fast","[S1, S76]",Lower part of the Fezouata Formation,,,241-380 mm,,,,,,,,
172,Arthropoda,Trilobita,Asaphida,Asaphidae,Asaphellus tataensis,"predator/scavenger, fast , (no fork in hypostome ?, but antenna good for hunting ? [S78]","[S7, S76, S77]","Lower part of the Fezouata Formation, Upper part of the Fezouata Formation",,,>70 mm (maybe around 90-100 ???),,,,,,,,
173,Arthropoda,Trilobita,Asaphida,Asaphidae,Asaphellus sp. aff. jujuanus,"predator/scavenger, fast","[S7, S76, S77]","Lower part of the Fezouata Formation, Upper part of the Fezouata Formation",,,37-62 mm,,,,,,,,
174,Arthropoda,Trilobita,Asaphida,Asaphidae,Asaphellus sp.,"predator, fast","[S7, S79]","Lower part of the Fezouata Formation, Upper part of the Fezouata Formation",,,,,,,,,,,
175,Arthropoda,Trilobita,Asaphida,Asaphidae,Basilicus (Basiliella?) aff. destombesi,predator/scavenger [S80],"[S7, S77]",Upper part of the Fezouata Formation,medium eyes,,330 mm,,,,,,,,
176,Arthropoda,Trilobita,Asaphida,Asaphidae,Basilicus (Basiliella?) destombesi,predator/scavenger [S80],"[S7, S76, S77]","Lower part of the Fezouata Formation, Upper part of the Fezouata Formation",,,330 mm,,,,,,,,
177,Arthropoda,Trilobita,Asaphida,Asaphidae,Basilicus (Basiliella?) sp. A,predator/scavenger [S80],[S7],Upper part of the Fezouata Formation,big eyes,,510 mm (sp.),,,,,,,,
178,Arthropoda,Trilobita,Asaphida,Asaphidae,Basilicus (Basiliella?) sp. B,predator/scavenger [S80],[S7],Upper part of the Fezouata Formation,,,510 mm (sp.),,,,,,,,
179,Arthropoda,Trilobita,Asaphida,Asaphidae,Basilicus (Basilicus) vidali,predator/scavenger [S80],[S81],Upper part of the Fezouata Formation,big eyes,,360 mm,,,,,,,,
180,Arthropoda,Trilobita,Asaphida,Asaphidae,Kierarges morrisoni,predator/scavenger [S80],"[S1, S82]",Upper part of the Fezouata Formation ,,,34-140 mm,,,,,,,,
181,Arthropoda,Trilobita,Asaphida,Asaphidae,Megalaspidella sp.,predator/scavenger [S80],[S7],Upper part of the Fezouata Formation,,,~26-42 mm,,,,,,,,
182,Arthropoda,Trilobita,Asaphida,Asaphidae,Megistaspis (Ekeraspis) cf. filacovi,"epibenthic, detritivore","[S7, S76, S77]","Lower part of the Fezouata Formation, Upper part of the Fezouata Formation",,,285-340 mm ??,,,,,,,,
183,Arthropoda,Trilobita,Asaphida,Asaphidae,Megistaspis (Ekeraspis) hammondi,detritivore,"[S79, S81, S83]","Lower part of the Fezouata Formation, Upper part of the Fezouata Formation",,,285-340 mm,,,,,,,,
184,Arthropoda,Trilobita,Asaphida,Asaphidae,Megistaspis (Ekeraspis) sp. indet.,detritivore,"[S7, S77]","Lower part of the Fezouata Formation, Upper part of the Fezouata Formation",,,56 mm,,,,,,,,
185,Arthropoda,Trilobita,Asaphida,Asaphidae,Ogyginus hammondi,predator/scavenger [S80],"[S17, S81]",Upper part of the Fezouata Formation,big eyes,,"392-491 mm, 135 mm Ogyginus sp. from [S81]",,,,,,,,
186,Arthropoda,Trilobita,Asaphida,Asaphidae,Niobella sp.,predator/scavenger [S80],"Gutiérrez-Marco, herein",Lower part of the Fezouata Formation,,,~33 mm ?,,,,,,,,
187,Arthropoda,Trilobita,Asaphida,Asaphidae,Nobiliasaphus? sp.,predator/scavenger [S80],[S81],Upper part of the Fezouata Formation,medium eyes,,330 mm,,,,,,,,
188,Arthropoda,Trilobita,Asaphida,Dikelokephalinidae,Dikelokephalina brenchleyi,"epibenthic, predator, but probably on slower stuff (ex: worms) [S84]","[S1, S76]",Lower part of the Fezouata Formation,"probably attached hypostome [S84], not fast",Dikelophalina brenchley ? (spelling ?),242-337 mm,,,,,,,,
189,Arthropoda,Trilobita,Asaphida,Nileidae,Asaphellus' cuervoae,"predator/scavenger, fast","[S1, S85, S86]",Lower part of the Fezouata Formation,"impendent hypostome, pred, but could maybe eat bigger prey items","Platypeltoides cuervoae ?   Diversity and Distribution of the Genus Platypeltoides
(Nileidae) in Morocco ",95-125 mm,,,,,,,,
190,Arthropoda,Trilobita,Asaphida,Nileidae,Nileus deynouxi,predator/scavenger [S80],"[S79, S87]",Lower part of the Fezouata Formation,,,11 mm,,,,,,,,
191,Arthropoda,Trilobita,Asaphida,Nileidae?,Playpeltoides' carmenae,predator/scavenger [S80],[S88],Lower part of the Fezouata Formation,,,55 mm,,,,,,,,
192,Arthropoda,Trilobita,Asaphida,Nileidae?,Platypeltoides' hammondi,predator/scavenger [S80],[S89],Lower part of the Fezouata Formation,,,165 mm,,,,,,,,
193,Arthropoda,Trilobita,Asaphida,Nileidae,Platypeltoides magrebiensis,predator/scavenger [S80],"[S7, S76, S79, S81]",Lower part of the Fezouata Formation,,,"33-62 mm, 180-230 mm, 277 mm ",,,,,,,,
194,Arthropoda,Trilobita,Asaphida,Nileidae,Symphysurus ebbestadi,predator/scavenger [S80],"[S79, S90, S91]",Lower part of the Fezouata Formation,"9 specimens from one lens, moulting stages",,30-40 mm,,,,,,,,
195,Arthropoda,Trilobita,Asaphida,Nileidae,Symphysurus sicardi,predator/scavenger [S80],"[S7, S91]","Lower part of the Fezouata Formation, Upper part of the Fezouata Formation",,Symphysurus angustatus sicardi,30-32 mm,,,,,,,,
196,Arthropoda,Trilobita,Asaphida,Nileidae,Symphysurus sp. ,predator/scavenger [S80],"[S1, S7, S91]",Lower part of the Fezouata Formation,,,"39-42 mm, 60 mm (specimen YPM)",,,,,,,,
197,Arthropoda,Trilobita,Asaphida,Raphiophoridae,Ampyx cf. priscus,"epibenthic, filter-feeder [S80]","[S7, S76, S77]",Upper part of the Fezouata Formation,,,"10-16 mm (Yale Peabody Museum), 40-65mm",,,,,,,,
198,Arthropoda,Trilobita,Asaphida,Raphiophoridae,Ampyx priscus ,"epibenthic, filter-feeder [S80]","[S7, S76]","Lower part of the Fezouata Formation, Upper part of the Fezouata Formation",,,"10-16 mm (Yale Peabody Museum), 40-65mm",,,,,,,,
199,Arthropoda,Trilobita,Asaphida,Raphiophoridae,Cnemidopyge sp.,epibenthic filter feeder (chamber) [S80],[S1],,,,"width of pygidum ~15 mm, general shape seems round ?",,,,,,,,
200,Arthropoda,Trilobita,Asaphida,Remopleurididae,Apatokephalus cf. incisus,predator/scavenger,[S76],"Lower part of the Fezouata Formation, Upper part of the Fezouata Formation",,,"~14, 20-30 mm long ?",,,,,,,,
201,Arthropoda,Trilobita,Asaphida?,Symphysurinidae,Symphysurina sp.,"impendent or conterminent hypostome [S92, S93] (?), so predator/scavenger",[S94],Lower part of the Fezouata Formation,,,width 8-15mm ?),,,,,,,,
202,Arthropoda,Trilobita,Corynexochida,Leiostegiidae,Agerina quadrata,predator [S80],[S76],"Lower part of the Fezouata Formation, Upper part of the Fezouata Formation",,,~10 mm,,,,,,,,
203,Arthropoda,Trilobita,Harpetida,Harpididae,Eoharpes sp.,epibenthic filter feeder (chamber) [S80],[S76],Lower part of the Fezouata Formation,,,~30-40-50 mm ?,,,,,,,,
204,Arthropoda,Trilobita,Harpetida,Harpididae,Harpides sp.,epibenthic filter feeder (chamber) [S80],[S1],Upper part of the Fezouata Formation,,,57-66 mm,,,,,,,,
205,Arthropoda,Trilobita,Lichida,Lichakephalidae,Lichakephalus stubbsi,"epibenthic, predator, but probably on slower stuff (ex: worms) [S84]","[S1, S84]",Lower part of the Fezouata Formation,"probably attached hypostome [S84], not fast",,380 mm,,,,,,,,
206,Arthropoda,Trilobita,Lichida,Lichidae,Bohemolichas? sp.,"scavenger or opportunistic predator eating any small animals it could find ([S95], for Bohemolichas incola)","Gutiérrez-Marco, herein",Upper part of the Fezouata Formation,,,,,,,,,,,
207,Arthropoda,Trilobita,Lichida,Lichidae,Uralichas marochii,predator [S80],"[S1, S96, S97]",Upper part of the Fezouata Formation,,  Parvilichas marochii,26 mm,,,,,,,,
208,Arthropoda,Trilobita,Odontopleurida,Odontopleuridae,Selenopeltis sp. 1,"epifaunal, predator/scavenger [S98], but maybe small prey ?",[S1],Upper part of the Fezouata Formation,,,17-23 mm (undet. Odontopleurida),,,,,,,,
209,Arthropoda,Trilobita,Odontopleurida,Odontopleuridae,Selenopeltis sp. 2,"epifaunal, predator/scavenger [S98], but maybe small prey ?",[S1],Upper part of the Fezouata Formation,,,17-23 mm (undet. Odontopleurida),,,,,,,,
210,Arthropoda,Trilobita,Olenida,Eulomidae,Euloma sp.,particle feeding [S80],"[S1, S7, S76]","Lower part of the Fezouata Formation, Upper part of the Fezouata Formation",,,31-38 mm,,,,,,,,
211,Arthropoda,Trilobita,Olenida,Olenidae,Leptoplastides salteri,chemoautotrophic symbiont with bacteria [S99],[S100],Lower part of the Fezouata Formation,,Beltella sp.,6 - 60 mm,,,,,,,,
212,Arthropoda,Trilobita,Phacopida,Cheiruridae,Foulonia peregrina,predator [S80],[S76],"Lower part of the Fezouata Formation, Upper part of the Fezouata Formation",,Ceraurinella peregrinus ,~20-25mm,,,,,,,,
213,Arthropoda,Trilobita,Phacopida,Cheiruridae,Foulonia sp.,predator [S80],"[S1, S76]",,,,~20-25mm (?),,,,,,,,
214,Arthropoda,Trilobita,Phacopida,Dalmanitidae,Toletanaspis aff. borni,predator [S80],"[S7, S76]","Lower part of the Fezouata Formation, Upper part of the Fezouata Formation",,Ormathops borni,11-17 mm,,,,,,,,
215,Arthropoda,Triobita,Phacopida,Dalmanitidae,Toletanaspis borni,predator [S80],[S101],Upper part of the Fezouata Formation,,,,,,,,,,,
216,Arthropoda,Trilobita,Phacopida,Bavarillidae,Bavarilla aff. zemmourensis,predator [S80],[S7],Upper part of the Fezouata Formation,,,20-40 mm,,,,,,,,
217,Arthropoda,Trilobita,Phacopida,Bavarillidae,Bavarilla zemmourensis,predator [S80],"[S76, S79]",Lower part of the Fezouata Formation,,,20-40 mm,,,,,,,,
218,Arthropoda,Trilobita,Phacopida,Calymenidae,Colpocoryphe pradesensis,predator [S80],[S76],"Lower part of the Fezouata Formation, Upper part of the Fezouata Formation",,,~18 mm ?,,,,,,,,
219,Arthropoda,Trilobita,Phacopida,Calymenidae,Colpocoryphe thorali,predator [S80],"[S7, S76]","Lower part of the Fezouata Formation, Upper part of the Fezouata Formation",,,14-22.5 mm,,,,,,,,
220,Arthropoda,Trilobita,Phacopida,Calymenidae,Colpocoryphe sp.,predator [S80],"[S1, S76]","Lower part of the Fezouata Formation, Upper part of the Fezouata Formation",,,50 mm         Calymenidae in general - 8-25 mm,,,,,,,,
221,Arthropoda,Trilobita,Phacopida,Calymenidae,Prionocheilus aff. languedocensis,predator [S80],[S7],Upper part of the Fezouata Formation,,,43-60 mm ?,,,,,,,,
222,Arthropoda,Trilobita,Phacopida,Calymenidae,Prionocheilus sp.,predator [S80],"[S1, S76]","Lower part of the Fezouata Formation, Upper part of the Fezouata Formation",,,43-60 mm,,,,,,,,
223,Arthropoda,Trilobita,Phacopida,Calymenidae,Neseuretus aff. attenuatus,predator [S80],"[S7, S76]",Upper part of the Fezouata Formation,,,83 mm (Neseuretus sp.),,,,,,,,
224,Arthropoda,Trilobita,Phacopida,Calymenidae,Neseuretus cf. attenuatus,predator [S80],[S76],"Lower part of the Fezouata Formation, Upper part of the Fezouata Formation",,,83 mm (Neseuretus sp.),,,,,,,,
225,Arthropoda,Trilobita,Phacopida,Calymenidae,Pradoella 'tazzarinensis' n.n.,predator [S80],"[S7, S102]",Upper part of the Fezouata Formation,,,150 mm,,,,,,,,
226,Arthropoda,Trilobita,Phacopida,Calymenidae,Pradoella sp.,predator [S80],[S76],"Lower part of the Fezouata Formation, Upper part of the Fezouata Formation",,,110 - 160 mm ????,,,,,,,,
227,Arthropoda,Trilobita,Phacopida,Cheiruridae,Anacheirurus adserai,predator/scavenger ? Bc of hypostome ? [S69],"[S69, S76, S79]",Lower part of the Fezouata Formation,conterminant hypsotome,"Lehua adserai, Lehua corbachoi, Lehua tahirii, Lehua velai",40-48 mm ,,,,,,,,
228,Arthropoda,Trilobita,Phacopida,Cheiruridae,Ceraurinella? sp.,predator [S80],[S7],Upper part of the Fezouata Formation,,,26 mm ?,,,,,,,,
229,Arthropoda,Trilobita,Phacopida,Homalonotidae,Platycoryphe sp.,predator [S80],[S7],Upper part of the Fezouata Formation,,,26 mm,,,,,,,,
230,Arthropoda,Trilobita,Phacopida,Pharostomatidae,Pharostomina sp. ,predator [S80],[S1],Lower part of the Fezouata Formation,,,20 mm,,,,,,,,
231,Arthropoda,Trilobita,Phacopida,Pilekiidae,Parapilekia cf. sougyi,predator [S80],"[S1, S7, S101]",Lower part of the Fezouata Formation,from the Fezouata of the Anti-Atlas extension towards NW Mauritania,Parapilekia olesnaensis,245 mm,,,,,,,,
232,Arthropoda,Trilobita,Phacopida,Pilekiidae,Pilekia sp.,predator [S80],[S76],Lower part of the Fezouata Formation,,,~40-50mm wide,,,,,,,,
233,Arthropoda,Trilobita,Ptychopariida,Bathycheilidae (?????),Parabathycheilus gallicus,"deposit feeder (enrolled of same order, [S103])",[S76],"Lower part of the Fezouata Formation, Upper part of the Fezouata Formation",enrolled of same order was deposit feeder [S103],"Parathycheilus gallicus, Bathycheilus gallicus",8-13-21(?) - 35 mm,,,,,,,,
234,Arthropoda,Trilobita,Trinucleida,Alsataspididae,Orometopus sp.,"filter-feeder (chamber) [S80, S98]","[S1, S7, S79]",Lower part of the Fezouata Formation,trinucleidae ?,,"2.5-5.5 mm (juvenile M5), adult prob not more thant 10 mm ?",,,,,,,,
235,Arthropoda,Trilobita,-,-,Indiligens sp.,grazing on demosponge or graptolites ? (because association with them ?) [S79],[S79],Lower part of the Fezoauta Formation,,Hospes sp.,more than 3 mm (length of juvenile),,,,,,,,
236,ECHINODERMATA,Crinoidea,Cladida,Aethocrinidae,Aethocrinus cf. moorei,"Filter/suspension feeder [S56, S104]",[S105],Lower part of the Fezouata Formation,,,head - 30 mm,,,,,,,,
237,Echinodermata,Crinoidea,Disparida,Iocrinidae,Iocrinus n. sp.,"Filter/suspension feeder [S56, S104]",[S105],Upper part of the Fezouata Formation,,,,,,,,,,,
238,Echinodermata,Crinoidea,Disparida,Ramseyocrinidae,Ramseyocrinus sp.,"Filter/suspension feeder [S56, S104]","[S1, S7, S106]",Upper part of the Fezouata Formation,,,,,,,,,,,
239,Echinodermata,Diploporita,Aristocystitida,Aristocystitidae,Aristocystites cf. bohemicus (sinuous?),suspension feeder [S107],"[S7, S105, S108]",Lower part of the Fezouata Formation,,,,,,,,,,,
240,Echinodermata,Diploporita,Sphaeronitida,Sphaeronitidae,Paleosphaeronites? prokopi,suspension feeder [S107],"[S105, S108]","Lower part of the Fezouata Formation, Upper part of the Fezouata Formation",,,,,,,,,,,
241,Echinodermata,Edrioasteroidea,Edrioasterida,Rhenopyrgidae,Rhenopyrgid indet.,"passive filter feeder [S104, S109], encruster","[S1, S105]",Lower part of the Fezouata Formation,mentioned as Hemicystites sp. by [S108],,,,,,,,,,
242,Echinodermata,Edrioasteroidea,Isorophida,Isorophidae,Anedriophus moroccoensis,"passive filter feeder [S104, S109, encruster, once found attached to a dead orthocone nautiloid shell","[S1, S105, S110]",Upper part of the Fezouata Formation,,,,,,,,,,,
243,Echinodermata,Edrioasteroidea,Isorophida,Pyrgocystidae,Argodiscus espilezorum,"passive filter feed [S104, S109, encruster","[S1, S110]",Upper part of the Fezouata Formation,identified before as Hemicystites? boehmi by [S111],,,,,,,,,,
244,Echinodermata,Eocrinoidea,Ascocystitida,Rhopalocystidae,Rhopalocystis destombesi,filter feeder [S104],"[S105, S112-S114]","Lower part of the Fezouata Formation, Upper part of the Fezouata Formation",,Rhopalocystis dehirensis,,,,,,,,,
245,Echinodermata,Eocrinoidea,Ascocystitida,Rhopalocystidae,Rhopalocystis fraga,filter feeder [S104],"[S105, S113, S114]",Lower part of the Fezouata Formation,,"Rhopalocystis sp. A, Rhopalocystis sp. B",,,,,,,,,
246,Echinodermata,Eocrinoidea,Ascocystitida,Rhopalocystidae,Rhopalocystis grandis,filter feeder [S104],"[S105, S113, S114]",Lower part of the Fezouata Formation,,,,,,,,,,,
247,Echinodermata,Eocrinoidea,Ascocystitida,Rhopalocystidae,Rhopalocystis Havlí?eki,filter feeder [S104],"[S105, S113, S114]",Lower part of the Fezouata Formation,,Rhopalocystis sp. C,,,,,,,,,
248,Echinodermata,Eocrinoidea,Ascocystitida,Rhopalocystidae,Rhopalocystis zagoraensis,filter feeder [S104],"[S105, S113, S114]",Lower part of the Fezouata Formation,,Rhopalocystis lehmani,,,,,,,,,
249,Echinodermata,Eocrinoidea,order unknown,Lingulocystidae,Lingulocystis aff. deani,"epibenthic, filter feeder [S104]",[S105],Upper part of the Fezouata Formation ,,,,,,,,,,,
250,Echinodermata,Eocrinoidea,order unknown,Lingulocystidae,Lingulocystis elongata,filter feeder [S104],[S105],"Lower part of the Fezouata Formation, Upper part of the Fezouata Formation",,,,,,,,,,,
251,Echinodermata,Eocrinoidea,-,-,Balantiocystis regnelli,filter feeder [S104],[S105],"Lower part of the Fezouata Formation, Upper part of the Fezouata Formation",,,,,,,,,,,
252,Echinodermata,Eocrinoidea,,,cf. Pareocrinus,"epibenthic, filter feeder [S104]",[S105],"Lower part of the Fezouata Formation, Upper part of the Fezouata Formation",,,,,,,,,,,
253,Echinodermata,Eocrinoidea,-,-,Eocrinoidea indet. sp. 1,"epibenthic, filter feeder [S104]",[S105],"Lower part of the Fezouata Formation, Upper part of the Fezouata Formation",,,,,,,,,,,
254,Echinodermata,Eocrinoidea,-,-,Eocrinoidea indet. sp. 2,"epibenthic, filter feeder [S104]",[S105],"Lower part of the Fezouata Formation, Upper part of the Fezouata Formation",,,,,,,,,,,
255,Echinodermata,Eocrinoidea,-,-,Eocrinoidea indet.,"epibenthic, filter feeder [S104]",[S105],Lower part of the Fezouata Formation,,,,,,,,,,,
256,Echinodermata,Rhombifera,Glyptocystitida,Macrocystellidae,Macrocystella bohemica,"suspension feeder [S104, S109]",[S105],"Lower part of the Fezouata Formation, Upper part of the Fezouata Formation",,,"undet. Rhombifera YPM - <20mm, 25 mm????",,,,,,,,
257,Echinodermata,Soluta,Syringocrinida,Minervaecystidae,Nimchacystis agterbosi,detritivore [S115],[S115],Lower part of the Fezouata Formation,,,73 mm,,,,,,,,
258,Echinodermata,Soluta,Syringocrinida,Minervaecystidae,Plasiacystis mobilis,detritivore [S115],[S105],"Lower part of the Fezouata Formation, Upper part of the Fezouata Formation",,,50 mm,,,,,,,,
259,Echinodermata,Soluta,Syringocrinida,Minervaecystidae,Plasiacystis sp.,detritivore [S115],[S1],Upper part of the Fezouata Formation,,,30 - 65 mm,,,,,,,,
260,Echinodermata,Soluta,Syringocrinida,unassigned,cf. Castericystis,suspension feeder [S116],[S105],Lower part of the Fezouata Formation,,,66 mm ??,,,,,,,,
261,Echinodermata,Somasteroidea (sub-phylum Asterozoa),-,-,Somasteroid indet. n. sp. 2,suspension-feeder,[S105],Upper part of the Fezouata Formation,,,At least one species of Asterozoa? of more than 60 mm (Yale Peabody Museum),,,,,,,,
262,Echinodermata,Somasteroidea (sub-phylum Asterozoa),-,-,Somasteroid indet. n. sp. 3,suspension-feeder,[S105],Upper part of the Fezouata Formation,,,undet. Asterozoa - 12-25 mm,,,,,,,,
263,Echinodermata,Somasteroidea (sub-phylum Asterozoa),-,-,Villebrunaster fezouataensis,"filter-feeder, predator of some very small animals on the substrate (ex : small amphipod) (according to potential extant species [S117])","[S118, S119]",Lower part of the Fezouata Formation,,"Cantabrigiaster fezouatensis, Somasteroid indet. n. sp. 1",~40-60 mm,,,,,,,,
264,Echinodermata,Stylophora,Cornuta,Amygdalothecidae,Amygdalotheca griffei,suspension and/or detritus feeder [S116],[S105],Lower part of the Fezouata Formation,,,,,,,,,,,
265,Echinodermata,Stylophora,Cornuta,Amygdalothecidae,Nanocarpus cf. dolambii,suspension and/or detritus feeder [S116],[S105],Lower part of the Fezouata Formation,,,,,,,,,,,
266,Echinodermata,Stylophora,Cornuta,Chauvelicystidae,Ampelocarpus sp.,suspension and/or detritus feeder [S116],[S105],Upper part of the Fezouata Formation,,,,,,,,,,,
267,Echinodermata,Stylophora,Cornuta,Chauvelicystidae,Chauvelicystis ubaghsi,suspension and/or detritus feeder [S116],"[S105, S108]",Lower part of the Fezouata Formation,,,,,,,,,,,
268,Echinodermata,Stylophora,Cornuta,Chauvelicystidae,Chauvelicystis spinosa,suspension and/or detritus feeder [S116],[S105],Lower part of the Fezouata Formation,,Chauvalicystis,,,,,,,,,
269,Echinodermata,Stylophora,Cornuta,Chauvelicystidae,Chauvelicystis vizcainoi,suspension and/or detritus feeder [S116],[S105],Lower part of the Fezouata Formation,,,,,,,,,,,
270,Echinodermata,Stylophora,Cornuta,Chauvelicystidae,Sokkaejaecystis sp. 1,suspension and/or detritus feeder [S116],"[S105, S120]",Lower part of the Fezouata Formation,,"Chauvelicystid n. gen., n. sp. 1, Lyricocarpus courtessolei",,,,,,,,,
271,Echinodermata,Stylophora,Cornuta,Chauvelicystidae,Sokkaejaecystis sp. 2,suspension and/or detritus feeder [S116],"[S105, S120]","Lower part of the Fezouata Formation, Upper part of the Fezouata Formation",,"Chauvelicystid n. gen., n. sp. 2",,,,,,,,,
272,Echinodermata,Stylophora,Cornuta,Cothurnocystidae,Procothurnocystis n. sp.,suspension and/or detritus feeder [S116],[S105],Lower part of the Fezouata Formation,,,,,,,,,,,
273,Echinodermata,Stylophora,Cornuta,Hanusiidae,Galliaecystis ubaghsi,suspension and/or detritus feeder [S116],[S105],Lower part of the Fezouata Formation,,,,,,,,,,,
274,Echinodermata,Stylophora,Cornuta,Hanusiidae,Galliaecystis n. sp.,suspension and/or detritus feeder [S116],[S105],Lower part of the Fezouata Formation,,,,,,,,,,,
275,Echinodermata,Stylophora,Cornuta,Hanusiidae,Hanusia n. sp.,suspension and/or detritus feeder [S116],[S105],Lower part of the Fezouata Formation,,,11-15 mm,,,,,,,,
276,Echinodermata,Stylophora,Cornuta,Hanusiidae,Prokopicystis sp.,suspension and/or detritus feeder [S116],[S105],Lower part of the Fezouata Formation,,,,,,,,,,,
277,Echinodermata,Stylophora,Cornuta,Phyllocystidae,Phyllocystis blayaci,suspension and/or detritus feeder [S116],[S105],Lower part of the Fezouata Formation,,,,,,,,,,,
278,Echinodermata,Stylophora,Cornuta,unassigned,"Cornuta n. gen. 1, n. sp.",suspension and/or detritus feeder [S116],"[S105, S120]","Lower part of the Fezouata Formation, Upper part of the Fezouata Formation",,,,,,,,,,,
279,Echinodermata,Stylophora,Cornuta,unassigned,"Cornuta n. gen. 2, n. sp.",suspension and/or detritus feeder [S116],"[S105, S120]",Lower part of the Fezouata Formation,,,,,,,,,,,
280,Echinodermata,Stylophora,Cornuta,unassigned,Flabellicarpus rushtoni,suspension and/or detritus feeder [S116],[S105],Lower part of the Fezouata Formation,,,,,,,,,,,
281,Echinodermata,Stylophora,Cornuta,unassigned,Milonicystis sp.,suspension and/or detritus feeder [S116],[S105],Upper part of the Fezouata Formation,,,,,,,,,,,
282,Echinodermata,Stylophora,Cornuta,Scotiaecystidae,Bohemiaecystis zagoraensis,suspension and/or detritus feeder [S116],[S7],Upper part of the Fezouata Formation,,Thoralicystis zagoraensis,,,,,,,,,
283,Echinodermata,Stylophora,Cornuta,Scotiaecystidae,Bohemiaecystis n. sp.,suspension and/or detritus feeder [S116],"[S1, S105]",Lower part of the Fezouata Formation,,Thoralicystis n. sp.,11-15 mm,,,,,,,,
284,Echinodermata,Stylophora,Mitrata,Anomalocystitidae,"Anomalocystitid n. gen., n. sp. ",suspension and/or detritus feeder [S116],[S105],Upper part of the Fezouata Formation,,,,,,,,,,,
285,Echinodermata,Stylophora,Mitrata,Kirkocystidae,Anatifopsis escandei,suspension and/or detritus feeder [S116],[S105],Upper part of the Fezouata Formation,,,,,,,,,,,
286,Echinodermata,Stylophora,Mitrata,Kirkocystidae,Anatifopsis trapeziiformis,suspension and/or detritus feeder [S116],[S105],"Lower part of the Fezouata Formation, Upper part of the Fezouata Formation",,,,,,,,,,,
287,Echinodermata,Stylophora,Mitrata,Kirkocystidae,Balanocystites primus,suspension and/or detritus feeder [S116],[S105],Upper part of the Fezouata Formation,,,,,,,,,,,
288,Echinodermata,Stylophora,Mitrata,Lagynocystidae,Lagynocystis pyramidalis,suspension and/or detritus feeder [S116],[S105],Lower part of the Fezouata Formation,,,,,,,,,,,
289,Echinodermata,Stylophora,Mitrata,Peltocystidae,Peltocystis cornuta,suspension and/or detritus feeder [S116],"[S1, S105, S121]",Lower part of the Fezouata Formation,,,6-9 mm (Peltocystis? sp. - 17 mm with arms),,,,,,,,
290,Echinodermata,Stylophora,Mitrata,unassigned,Aspidocarpus sp.,suspension and/or detritus feeder [S116],[S105],Lower part of the Fezouata Formation,,,,,,,,,,,
291,Echinodermata,Stylophora,Mitrata,unassigned,Chinianocarpos sp.,suspension and/or detritus feeder [S116],[S105],Upper part of the Fezouata Formation,,,,,,,,,,,
292,Echinodermata,Stylophora,Mitrata,unassigned,Mitrocystitid indet. cf. ovocarpus,suspension and/or detritus feeder [S116],[S105],Upper part of the Fezouata Formation,,,,,,,,,,,
293,Echinodermata,Stylophora,Mitrata,unassigned,Vizcainocarpus sp.,suspension and/or detritus feeder [S116],[S105],Lower part of the Fezouata Formation,,,,,,,,,,,
294,HEMICHORDATA,Pterobranchia,subclass Cephalodiscida,-,Cephalodiscid hemichordate,"encrusting epibenthic, Filter/suspension feeder, pseudocolonial","[S122, S123]",Lower part of the Fezouata Formation,,Rhabdopleurid-like epibiont [S122] (incorrect previous identification),,,,,,,,,
295,Hemichordata,Pterobranchia,Dendroidea,Dendrograptidae,Calyxdendrum amicabilis,"planktonic, Filter/suspension feeder ",[S123],Lower part of the Fezouata Formation,,Previously incorrectly identified as Koremagraptus sp.,,,,,,,,,
296,Hemichordata,Pterobranchia,Dendroidea,Dendrograptidae,Calyxdendrum n. sp.,"planktonic, filter/suspension feeder ","Gutiérrez-Marco, herein",Lower part of the Fezouata Formation,,,,,,,,,,,
297,Hemichordata,Pterobranchia,Dendroidea,Dendrograptidae,Ptilograptus n. sp.,benthic,"Gutiérrez-Marco, herein  ",?Upper part of the Fezouata Formation,,,,,,,,,,,
298,Hemichordata,Pterobranchia,Graptoloidea,Anisograptidae,Adelograptus tenellus,"planktonic, Filter/suspension feeder ",[S124],Lower part of the Fezouata Formation,,,,,,,,,,,
299,Hemichordata,Pterobranchia,Graptoloidea,Anisograptidae,Ancoragraptus bulmani,"planktonic, Filter/suspension feeder ",[S124],Lower part of the Fezouata Formation,,,,,,,,,,,
300,Hemichordata,Pterobranchia,Graptoloidea,Anisograptidae,Choristograptus louai,"planktonic, Filter/suspension feeder ",[S124],Lower part of the Fezouata Formation,,,,,,,,,,,
301,Hemichordata,Pterobranchia,Graptoloidea,Anisograptidae, 'Kiaerograptus' supremus,"planktonic, Filter/suspension feeder ","[S1, S124]",Lower part of the Fezouata Formation,,,,,,,,,,,
302,Hemichordata,Pterobranchia,Graptoloidea,Anisograptidae,Kiaerograptus'? sp. (slightly deflexed),"benthic, Filter/suspension feeder ",[S124],Lower part of the Fezouata Formation,,,,,,,,,,,
303,Hemichordata,Pterobranchia,Graptoloidea,Anisograptidae,Paratemnograptus magnificus,"planktonic, Filter/suspension feeder ","[S1, S124]",Lower part of the Fezouata Formation,,,,,,,,,,,
304,Hemichordata,Pterobranchia,Graptoloidea,Anisograptidae,Rhabdinopora anglica,"planktonic, Filter/suspension feeder ","[S7, S124]",Lower part of the Fezouata Formation,,,,,,,,,,,
305,Hemichordata,Pterobranchia,Graptoloidea,Anisograptidae,Rhabdinopora canadensis,"planktonic, Filter/suspension feeder ",[S124],Lower part of the Fezouata Formation,,,,,,,,,,,
306,Hemichordata,Pterobranchia,Graptoloidea,Anisograptidae,Rhabdinopora flabelliforme,"planktonic, Filter/suspension feeder ","[S7, S124]",Lower part of the Fezouata Formation,,Flabelliformis flabelliformis ?,,,,,,,,,
307,Hemichordata,Pterobranchia,Graptoloidea,Anisograptidae,Rhabdinopora socialis,"planktonic, Filter/suspension feeder ",[S124],Lower part of the Fezouata Formation,,,,,,,,,,,
308,Hemichordata,Pterobranchia,Graptoloidea,Dichograptidae,Baltograptus geometricus,planktonic,"Gutiérrez-Marco, herein",Upper part of the Fezouata Formation,,,,,,,,,,,
309,Hemichordata,Pterobranchia,Graptoloidea,Dichograptidae,Clonograptus multiplex,"planctonique, Filter/suspension feeder ",[S124],"Lower part of the Fezouata Formation, Upper part of the Fezouata Formation",,,,,,,,,,,
310,Hemichordata,Pterobranchia,Graptoloidea,Dichograptidae,Clonograptus rigidus,"planctonique, Filter/suspension feeder ","[S1, S7, S124]",Lower part of the Fezouata Formation,,,"40 mm (but Clonograptus?, species unknown, Yale Peabody Museum)",,,,,,,,
311,Hemichordata,Pterobranchia,Graptoloidea,Dichograptidae,Holograptus sp.,planktonic,"Gutiérrez-Marco, herein ; cf. [S73]",Upper part of the Fezouata Formation,,,,,,,,,,,
312,Hemichordata,Pterobranchia,Graptoloidea,Dichograptidae,Hunnegraptus copiosus ??,"planktonic, Filter/suspension feeder ","[S1, S124]",Lower part of the Fezouata Formation,,,,,,,,,,,
313,Hemichordata,Pterobranchia,Graptoloidea,Didymograptidae,Baltograptus deflexus,"planktonic, Filter/suspension feeder ",[S124],Upper part of the Fezouata Formation,,,,,,,,,,,
314,Hemichordata,Pterobranchia,Graptoloidea,Didymograptidae,Baltograptus jacksoni,"planktonic, Filter/suspension feeder ",[S124],Upper part of the Fezouata Formation,,,,,,,,,,,
315,Hemichordata,Pterobranchia,Graptoloidea,Didymograptidae,?Baltograptus kurcki,"planktonic, Filter/suspension feeder ",[S124],Upper part of the Fezouata Formation,,,,,,,,,,,
316,Hemichordata,Pterobranchia,Graptoloidea,Didymograptidae,Baltograptus minutus,"planktonic, Filter/suspension feeder ",[S124],Upper part of the Fezouata Formation,,,,,,,,,,,
317,Hemichordata,Pterobranchia,Graptoloidea,Didymograptidae,Cymatograptus protobalticus,"benthic, Filter/suspension feeder ",[S124],Upper part of the Fezouata Formation,,,,,,,,,,,
318,Hemichordata,Pterobranchia,Graptoloidea,Didymograptidae,Expansograptus sp.,"planktonic, Filter/suspension feeder ",[S124],Upper part of the Fezouata Formation,,,,,,,,,,,
319,Hemichordata,Pterobranchia,Graptoloidea,Phyllograptidae,Sagenograptus murrayi,"planktonic, Filter/suspension feeder ","[S1, S7, S124]",Lower part of the Fezouata Formation,,Araneograptus murrayi (old name),"at leat 7cm wide, 10cm long",,,,,,,,
320,Hemichordata,Pterobranchia,Graptoloidea,Phyllograptidae, 'Tetragraptus' bulmani,"planktonic, Filter/suspension feeder ","[S1, S7, S124]",Lower part of the Fezouata Formation,,,,,,,,,,,
321,Hemichordata,Pterobranchia,Graptoloidea,Phyllograptidae,Tetragraptus sp. (3-stiped),"planktonic, Filter/suspension feeder ",[S124],Lower part of the Fezouata Formation,,,,,,,,,,,
322,Hemichordata,Pterobranchia,Graptoloidea,Phyllograptidae,Tetragraptus sp. (reclined),"planktonic, Filter/suspension feeder ",[S124],Upper part of the Fezouata Formation,,,,,,,,,,,
323,Hemichordata,Pterobranchia,Graptoloidea,Sigmagraptidae,Azygograptus cf. eivionicus,"planktonic, Filter/suspension feeder ",[S124],Upper part of the Fezouata Formation,,,,,,,,,,,
324,Hemichordata,Pterobranchia,Graptoloidea,Sigmagraptidae,Paradelograptus cf. antiquus,"planktonic, filter/suspension feeder ","Gutiérrez-Marco, herein",Lower part of the Fezouata Formation,,,,,,,,,,,
325,Hemichordata,Pterobranchia,Graptoloidea,Sigmagraptidae,Paradelograptus norvegicus,"planktonic, Filter/suspension feeder ","[S1, S124]",Lower part of the Fezouata Formation,,,,,,,,,,,
326,Hemichordata,Pterobranchia,Graptoloidea,Sigmagraptidae,Paradelograptus tenuis,"planktonic, Filter/suspension feeder ","[S1, S124]",Lower part of the Fezouata Formation,,,,,,,,,,,
327,Hemichordata,Pterobranchia,Tuboidea,-,Tuboid,"benthic, Filter/suspension feeder ",[S1],,,,,,,,,,,,
328,CHORDATA,,,Conodonts,Acodus deltatus,nektonic predator (soft diet),[S125],"Lower part of the Fezouata Formation, Upper part of the Fezouata Formation",,,,,,,,,,,
329,Chordata,,,Conodonts,Acodus sp.,nektonic predator (soft diet),[S125],Lower part of the Fezouata Formation,,,,,,,,,,,
330,Chordata,,,Conodonts,Cornuodus longibasis,nektonic predator (soft diet),[S125],"Lower part of the Fezouata Formation, Upper part of the Fezouata Formation",coniform [S126],,,,,,,,,,
331,Chordata,,,Conodonts,Drepanoistodus? cf. pervetus,nektonic predator (soft diet),[S125],Lower part of the Fezouata Formation,coniform [S126],,,,,,,,,,
332,Chordata,,,Conodonts,Drepanodus arcuatus,nektonic predator (soft diet),[S125],Upper part of the Fezouata Formation,coniform [S126],,,,,,,,,,
333,Chordata,,,Conodonts,Drepanoistodus cf. forceps,nektonic predator (soft diet),[S125],Upper part of the Fezouata Formation,coniform [S126],,,,,,,,,,
334,Chordata,,,Conodonts,Paltodus cf. inaequalis,nektonic predator (soft diet),[S125],Upper part of the Fezouata Formation,coniform [S126],,,,,,,,,,
335,Chordata,,,Conodonts,Paltodus spp.,nektonic predator (soft diet),[S125],"Lower part of the Fezouata Formation, Upper part of the Fezouata Formation",coniform [S126],,,,,,,,,,
336,Chordata,,,Conodonts,Parapaltodus aff. flexuosus,nektonic predator (soft diet),[S125],Upper part of the Fezouata Formation,coniform [S126],,,,,,,,,,
337,Chordata,,,Conodonts,Parapaltodus aff. simplicissimus,nektonic predator (soft diet),[S125],"Lower part of the Fezouata Formation, Upper part of the Fezouata Formation",coniform [S126],,,,,,,,,,
338,Chordata,,,Conodonts,Parapaltodus spp.,nektonic predator (soft diet),[S125],"Lower part of the Fezouata Formation, Upper part of the Fezouata Formation",coniform [S126],,,,,,,,,,
339,Chordata,,,Conodonts,Paroistodus cf. parallellus,nektonic predator (soft diet),[S125],Upper part of the Fezouata Formation,coniform [S126],,,,,,,,,,
340,Chordata,,,Conodonts,Paroistodus cf. proteus,nektonic predator (soft diet),[S125],"Lower part of the Fezouata Formation, Upper part of the Fezouata Formation",coniform [S126],,,,,,,,,,
341,Chordata,,,Conodonts,Periodon cf. primus,nektonic predator (soft diet),[S125],Lower part of the Fezouata Formation,blade with large cusp [S126],,,,,,,,,,
342,Chordata,,,Conodonts,Periodon cf. selenopsis,nektonic predator (soft diet),[S125],Upper part of the Fezouata Formation,blade with large cusp [S126],,,,,,,,,,
343,Chordata,,,Conodonts,Prioniodus cf. gilberti,nektonic predator (soft diet),[S125],Upper part of the Fezouata Formation,blade with large cusp [S126],,,,,,,,,,
344,Chordata,,,Conodonts,Prioniodus sp.,nektonic predator (soft diet),[S125],"Lower part of the Fezouata Formation, Upper part of the Fezouata Formation",blade with large cusp [S126],,,,,,,,,,
345,Chordata,,,Conodonts,Protopanderodus cf. leonardii,nektonic predator (soft diet),[S125],Lower part of the Fezouata Formation,coniform [S126],,,,,,,,,,
346,Chordata,,,Conodonts,Scalpellodus aff. gracilis,nektonic predator (soft diet),[S125],Upper part of the Fezouata Formation,coniform [S126],,,,,,,,,,
347,Chordata,,,Conodonts,Scolopodus aff. krummi,nektonic predator (soft diet),[S125],Lower part of the Fezouata Formation,coniform [S126],,,,,,,,,,
348,Chordata,,,Conodonts,Semiacontiodus cf. cornuformis,nektonic predator (soft diet),[S125],Lower part of the Fezouata Formation,coniform [S126],,,,,,,,,,
349,Chordata,,,Conodonts,Semiacontiodus sp.,nektonic predator (soft diet),[S125],"Lower part of the Fezouata Formation, Upper part of the Fezouata Formation",coniform [S126],,,,,,,,,,
350,Chordata,,,Conodonts,Stolodus cf. stola,nektonic predator (soft diet),[S125],Upper part of the Fezouata Formation,coniform [S126],,,,,,,,,,
351,Chordata,,,Conodonts,Tripodus aff. laevis,nektonic predator (soft diet),[S125],Upper part of the Fezouata Formation,coniform [S126],,,,,,,,,,
352,Chordata,,,Conodonts,Tripodus sp.,nektonic predator (soft diet),[S125],Lower part of the Fezouata Formation,coniform [S126],,,,,,,,,,
353,Chordata,,,Conodonts,Tropodus cf. comptus,nektonic predator (soft diet),[S125],Upper part of the Fezouata Formation,coniform [S126],,,,,,,,,,
354,Chordata,,,Conodonts,Tropodus cf. sweeti,nektonic predator (soft diet),[S125],Upper part of the Fezouata Formation,coniform [S126],,,,,,,,,,
355,Chordata,,,Conodonts,Tropodus sp.,nektonic predator (soft diet),[S125],Upper part of the Fezouata Formation,coniform [S126],,,,,,,,,,
356,Chordata,,,Conodonts,Various conodonts,,[S1],,Microfossils,,,,,,,,,,
357,Chordata,,,,Dermal plates,,[S1],,Earliest occurrence,,,,,,,,,,
358,PROBLEMATICA,,,,Net-like organism,,[S1],,,,,,,,,,,,
359,Problematica,,,,Possible chanceloriid/Chancelloriidae?,,[S1],,Porifera ? (Yale Peabody Museum),,at least ~70-80mm,,,,,,,,
360,Problematica,,,,Scleritome-bearing organism,,[S1],,Partially articulated scleritomes,,,,,,,,,,
361,Problematica,,,,Stalked flower-like organism,,[S1],,,,,,,,,,,,
362,Problematica,,,,Stalked organism,,[S1],,,,,,,,,,,,
363,ACRITARCH,,,,Acanthodiacrodium cf. achrasi,,"[S7, S127]",Lower part of the Fezouata Formation,,,,,,,,,,,
364,Acritarch,,,,Acanthodiacrodium comptulum,,"[S7, S127]",Lower part of the Fezouata Formation,,,,,,,,,,,
365,Acritarch,,,,Acanthodiacrodium? dilatum,,[S128],Lower part of the Fezouata Formation,,,,,,,,,,,
366,Acritarch,,,,Acanthodiacrodium divisa,,"[S7, S127]",Lower part of the Fezouata Formation,,,,,,,,,,,
367,Acritarch,,,,Acanthodiacrodium formosum,,"[S7, S127]",Lower part of the Fezouata Formation,,,,,,,,,,,
368,Acritarch,,,,Acanthodiacrodium hirtum,,"[S7, S127]",Lower part of the Fezouata Formation,,,,,,,,,,,
369,Acritarch,,,,Acanthodiacrodium simplex,,"[S7, S127]",Lower part of the Fezouata Formation,,,,,,,,,,,
370,Acritarch,,,,Acanthodiacrodium ubui,,"[S7, S127]",Lower part of the Fezouata Formation,,,,,,,,,,,
371,Acritarch,,,,Acanthodiacrodium uniforme,,"[S7, S127]",Lower part of the Fezouata Formation,,,,,,,,,,,
372,Acritarch,,,,Acanthodiacrodium sp.,,"[S7, S127]",Lower part of the Fezouata Formation,,,,,,,,,,,
373,Acritarch,,,,Actinotodissus sp.,,"[S7, S127]",Lower part of the Fezouata Formation,,,,,,,,,,,
374,Acritarch,,,,Arbusculidium destombesii,,"[S7, S127]",Lower part of the Fezouata Formation,,,,,,,,,,,
375,Acritarch,,,,Arbusculidium frondiferum,,"[S7, S127]",Lower part of the Fezouata Formation,,,,,,,,,,,
376,Acritarch,,,,Baltisphaeridium hirsutoides,,"[S7, S127]",Lower part of the Fezouata Formation,,,,,,,,,,,
377,Acritarch,,,,Baltisphaeridium cf. multipilosum,,"[S7, S127]",Lower part of the Fezouata Formation,,,,,,,,,,,
378,Acritarch,,,,Baltisphaeridium? sp.,,"[S7, S127]",Lower part of the Fezouata Formation,,,,,,,,,,,
379,Acritarch,,,,Baltisphaerosum cf. annelieae,,"[S7, S127]",Lower part of the Fezouata Formation,,,,,,,,,,,
380,Acritarch,,,,Baltisphaerosum granosum,,"[S7, S127]",Lower part of the Fezouata Formation,,,,,,,,,,,
381,Acritarch,,,,Caldariola glabra glabra,,"[S128, S129]",Lower part of the Fezouata Formation,,,,,,,,,,,
382,Acritarch,,,,Comasphaeridium,,[S128],,,,,,,,,,,,
383,Acritarch,,,,Cristallinium cambriense,,[S128],Lower part of the Fezouata Formation,,,,,,,,,,,
384,Acritarch,,,,Cymatiogalea bellicosa,,"[S7, S127]",Lower part of the Fezouata Formation,,,,,,,,,,,
385,Acritarch,,,,Cymatiogalea cristata,,"[S7, S127]",Lower part of the Fezouata Formation,,,,,,,,,,,
386,Acritarch,,,,Cymatiogalea cf. cristata,,"[S7, S127]",Lower part of the Fezouata Formation,,,,,,,,,,,
387,Acritarch,,,,Cymatiogalea cuvillieri,,"[S7, S127]",Lower part of the Fezouata Formation,,,,,,,,,,,
388,Acritarch,,,,Cymatiogalea cf. cuvillieri,,"[S7, S127]",Lower part of the Fezouata Formation,,,,,,,,,,,
389,Acritarch,,,,Cymatiogalea deunffii,,"[S128, S129]",Lower part of the Fezouata Formation,,,,,,,,,,,
390,Acritarch,,,,Cymatiogalea messaoudensis,,"[S128, S129]",Lower part of the Fezouata Formation,,,,,,,,,,,
391,Acritarch,,,,Cymatiogalea messaoudensis inconnexa,,[S128],Lower part of the Fezouata Formation,,,,,,,,,,,
392,Acritarch,,,,Cymatiogalea messaoudensis messaoudensis,,[S128],Lower part of the Fezouata Formation,,,,,,,,,,,
393,Acritarch,,,,Cymatiogalea velifera,,"[S128, S129]",Lower part of the Fezouata Formation,,,,,,,,,,,
394,Acritarch,,,,Cymatiogalea cf. velifera,,[S129],,,,,,,,,,,,
395,Acritarch,,,,Electoriskos zagoraensis,,"[S7, S127]",Lower part of the Fezouata Formation,,,,,,,,,,,
396,Acritarch,,,,Eupoikilofusa squama,,"[S7, S127]",Lower part of the Fezouata Formation,,,,,,,,,,,
397,Acritarch,,,,Glaucotesta latiramosa,,"[S7, S127]",Lower part of the Fezouata Formation,,,,,,,,,,,
398,Acritarch,,,,Goniosphaeridium tener,,"[S7, S127]",Lower part of the Fezouata Formation,,,,,,,,,,,
399,Acritarch,,,,Goniosphaeridium tuberatum,,[S128],Lower part of the Fezouata Formation,,,,,,,,,,,
400,Acritarch,,,,Goniosphaeridium uncinatum,,"[S7, S127]",Lower part of the Fezouata Formation,,,,,,,,,,,
401,Acritarch,,,,Impliviculus miloni,,"[S7, S128, S129]",Lower part of the Fezouata Formation,,(Impluviculus milonii ?),,,,,,,,,
402,Acritarch,,,,Impluviculus milonii,,"[S7, S127]",Lower part of the Fezouata Formation,,Veryhachium miloni,,,,,,,,,
403,Acritarch,,,,Leiofusa simplex,,"[S7, S128]",Lower part of the Fezouata Formation,,,,,,,,,,,
404,Acritarch,,,,Lophoshaeridium,,[S128],,,,,,,,,,,,
405,Acritarch,,,,Micrhysteridium,,[S128],,,,,,,,,,,,
406,Acritarch,,,,Multiplicisphaeridium cf. inconstans,,[S128],Lower part of the Fezouata Formation,,,,,,,,,,,
407,Acritarch,,,,Peteinosphaeridium? sp.,,[S128],Lower part of the Fezouata Formation,,,,,,,,,,,
408,Acritarch,,,,Pirea ornata,,[S128],Lower part of the Fezouata Formation,,,,,,,,,,,
409,Acritarch,,,,Polygonium gracile,,[S128],Lower part of the Fezouata Formation,,,,,,,,,,,
410,Acritarch,,,,Priscotheca complanata,,"[S7, S127]",Lower part of the Fezouata Formation,,,,,,,,,,,
411,Acritarch,,,,Priscotheca prismatica,,"[S7, S127]",Lower part of the Fezouata Formation,,,,,,,,,,,
412,Acritarch,,,,Priscotheca raia,,"[S7, S127]",Lower part of the Fezouata Formation,,,,,,,,,,,
413,Acritarch,,,,Priscotheca sp.,,[S128],Lower part of the Fezouata Formation,,,,,,,,,,,
414,Acritarch,,,,Rhopaliophora palmata,,[S128],Lower part of the Fezouata Formation,,,,,,,,,,,
415,Acritarch,,,,Stellechinatum sicaforme contextum,,[S128],Lower part of the Fezouata Formation,,,,,,,,,,,
416,Acritarch,,,,Stellechinatum uncinatum,,[S128],Lower part of the Fezouata Formation,,,,,,,,,,,
417,Acritarch,,,,Stelliferidium barbarum,,"[S7, S127]",Lower part of the Fezouata Formation,,,,,,,,,,,
418,Acritarch,,,,Stelliferidium cylindrata,,"[S7, S127]",Lower part of the Fezouata Formation,,,,,,,,,,,
419,Acritarch,,,,Stelliferidium distincta,,"[S7, S127]",Lower part of the Fezouata Formation,,,,,,,,,,,
420,Acritarch,,,,Stelliferidium cf. gautieri,,"[S7, S127]",Lower part of the Fezouata Formation,,,,,,,,,,,
421,Acritarch,,,,Stelliferidium cf. simplex,,"[S7, S127]",Lower part of the Fezouata Formation,,,,,,,,,,,
422,Acritarch,,,,Stelliferidium stelligerum,,"[S7, S127]",Lower part of the Fezouata Formation,,,,,,,,,,,
423,Acritarch,,,,Stelliferidium trifidum,,"[S128, S129]",Lower part of the Fezouata Formation,,,,,,,,,,,
424,Acritarch,,,,Stelliferidium cf. trifidum,,[S129],,,,,,,,,,,,
425,Acritarch,,,,Stelligeridium sp. 1,,"[S7, S127]",Lower part of the Fezouata Formation,,,,,,,,,,,
426,Acritarch,,,,Stelligeridium sp. 2,,"[S7, S127]",Lower part of the Fezouata Formation,,,,,,,,,,,
427,Acritarch,,,,Striatotheca sp.,,[S128],Lower part of the Fezouata Formation,,,,,,,,,,,
428,Acritarch,,,,Tectitheca? sp.,,[S128],Lower part of the Fezouata Formation,,,,,,,,,,,
429,Acritarch,,,,Timofeevia sp.,,[S128],Lower part of the Fezouata Formation,,,,,,,,,,,
430,Acritarch,,,,Trochosphaeridium annolavaense,,"[S7, S127]",Lower part of the Fezouata Formation,,,,,,,,,,,
431,Acritarch,,,,Vavrodovella areniga,,[S128],Lower part of the Fezouata Formation,,,,,,,,,,,
432,Acritarch,,,,Veryhachium lairdii group,,"[S128, S129]",Lower part of the Fezouata Formation,,,,,,,,,,,
433,Acritarch,,,,Veryhachium cf. lairdii group,,[S129],,,,,,,,,,,,
434,Acritarch,,,,Veryhachium? sp.,,"[S7, S127]",Lower part of the Fezouata Formation,,,,,,,,,,,
435,Acritarch,,,,Vogtlandia? sp.,,[S128],Lower part of the Fezouata Formation,,,,,,,,,,,
436,Acritarch,,,,Vulcanisphaera africana,,"[S7, S127]",Lower part of the Fezouata Formation,,,,,,,,,,,
437,Acritarch,,,,Vulcanisphaera britannica,,"[S7, S127]",Lower part of the Fezouata Formation,,,,,,,,,,,
438,Acritarch,,,,Vulcanisphaera frequens,,"[S128, S129]",Lower part of the Fezouata Formation,,,,,,,,,,,
439,Acritarch,,,,Vulcanisphaera cf. frequens,,[S129],,,,,,,,,,,,
440,CHITINOZOAN,,,,Clavachitina? sp.,,[S128],Lower part of the Fezouata Formation,,,,,,,,,,,
441,Chitinozoan,,,,Conochitina poumoti,,[S7],Lower part of the Fezouata Formation,,,,,,,,,,,
442,Chitinozoan,,,,Conochitina sp. ,,[S7],Upper part of the Fezouata Formation,,,,,,,,,,,
443,Chitinozoan,,,,Cyathochitina aff. campanulaeformis,,[S128],Lower part of the Fezouata Formation,,,,,,,,,,,
444,Chitinozoan,,,,Cyathochitina sp.,,[S128],Lower part of the Fezouata Formation,,,,,,,,,,,
445,Chitinozoan,,,,Desmochitina minor group,,[S128],Lower part of the Fezouata Formation,,,,,,,,,,,
446,Chitinozoan,,,,Desmochitina sp.,,[S128],Lower part of the Fezoauta Formation,,,,,,,,,,,
447,Chitinozoan,,,,Eremochitina aff. baculata,,[S128],Lower part of the Fezouata Formation,,,,,,,,,,,
448,Chitinozoan,,,,Eremochitina cf. baculata,,[S128],Lower part of the Fezouata Formation,,,,,,,,,,,
449,Chitinozoan,,,,Eremochitina baculata brevis,,[S7],Upper part of the Fezouata Formation,,,,,,,,,,,
450,Chitinozoan,,,,Eremochitina brevis s. str.,,[S128],"Lower part of the Fezouata Formation, Upper part of the Fezouata Formation",,,,,,,,,,,
451,Chitinozoan,,,,Eremochitina mucronata,,[S128],Lower part of the Fezoauta Formation,,,,,,,,,,,
452,Chitinozoan,,,,Euconochitina paschaensis-symmetrica group,,[S128],Lower part of the Fezouata Formation,,,,,,,,,,,
453,Chitinozoan,,,,Euconochitina spp.,,[S128],,,,,,,,,,,,
454,Chitinozoan,,,,Euconochitina? sp.,,[S128],Lower part of the Fezouata Formation,,,,,,,,,,,
455,Chitinozoan,,,,Lagenochitina destombesi,,"[S7, S127]",Lower part of the Fezouata Formation,,,,,,,,,,,
456,Chitinozoan,,,,Lagenochitina cf. destombesi,,[S128],Lower part of the Fezouata Formation,,,,,,,,,,,
457,Chitinozoan,,,,Lagenochitina esthonica,,"[S7, S128]",Lower part of the Fezouata Formation,,,,,,,,,,,
458,Chitinozoan,,,,Lagenochitina cf. obeligis,,[S128],Lower part of the Fezouata Formation,,,,,,,,,,,
459,Chitinozoan,,,,Lagenochitina ventriosa,,[S7],Lower part of the Fezouata Formation,,,,,,,,,,,
460,Chitinozoan,,,,Lagenochitina sp.,,[S128],Lower part of the Fezouata Formation,,,,,,,,,,,
461,Chitinozoan,,,,Rabdochitina gracilis,,[S128],Lower part of the Fezouata Formation,,,,,,,,,,,
462,Chitinozoan,,,,Rhabdochitina cf. magna,,[S128],,,,,,,,,,,,
,,,,,,,,,,,,,,,,,,,
,,,,,,,,,,,,,,,,,,,
,,,,,,,,,,,,,,,,,,,
,,,,,,,,,,,,,,,,,,,
,,,,,,,,,,,,,,,,,,,
,,,,,,,,,,,,,,,,,,,
,,,,,,,,,,,,,,,,,,,
,,,,,,,,,,,,,,,,,,,
,,,,,,,,,,,,,,,,,,,
,,,,,,,,,,,,,,,,,,,
,,,,,,,,,,,,,,,,,,,
,,,,,,,,,,,,,,,,,,,
,,,,,,,,,,,,,,,,,,,
,,,,,,,,,,,,,,,,,,,
,,,,,,,,,,,,,,,,,,,
,,,,,,,,,,,,,,,,,,,
,,,,,,,,,,,,,,,,,,,
,,,,,,,,,,,,,,,,,,,
,,,,,,,,,,,,,,,,,,,
,,,,,,,,,,,,,,,,,,,
