#;Phylum;Class;Order;Family;Species;Ecology;Source;Occurrence;Location;Remarks;Synonyms;Size;;;;;;;;
1;Phytoplankton;;;;;;;;;;;;;;;;;;;
2;Bacterioplankton;;;;;;;;;;;;;;;;;;;
3;Suspended organic matter;;;;;;;;;;;;;;;;;;;
4;Benthic detritus;;;;;;;;;;;;;;;;;;;
5;Zooplancton;;;;;;;;;;;;;;;;;;;
6;Algae;;;;Chaetocladid;;Van Roy et al., 2015;Rare;;;;;;;;;;;;
7;Algae;;;;Alga type 1;;Van Roy et al., 2015;Rare;;;;;;;;;;;;
8;Algae;;;;Alga type2;;Van Roy et al., 2015;Locally common;;;;;;;;;;;;
10;Porifera;-;-;Wapkidae;Wapkiids;;Van Roy et al., 2015;Locally ommon;;;;;;;;;;;;
11;Porifera;Demospongea;Protomonaxonida;Leptomtidae;Leptomitids;sessile, suspension feeder (demospongea);Van Roy et al., 2015;Locally common;;;;;;;;;;;;
12;Porifera;Demospongea;Protomonaxonida;Leptomtidae;leptomitid A;sessile, suspension feeder (demospongea);Botting, 2016;only a few from the family;;complex, mutli-layered;;;;;;;;;;
13;Porifera;Demospongea;Protomonaxonida;Leptomtidae;leptomitid B;sessile, suspension feeder (demospongea);Botting, 2016;multiple specimens;;simpler;;;;;;;;;;
14;Porifera;Demospongea;Protomonaxonida;Choiidae;Choia sp.;sessile, suspension feeder (demospongea);Botting, 2016, Van Roy et al., 2015, Botting, 2007;Common  - Locally abundant;Upper Fezouata Shale;Youngest occurrence;;40 mm;;;;;;;;
15;Porifera;Demospongea;Protomonaxonida;Choiidae;Choia sp. B;sessile, suspension feeder (demospongea);Botting, 2016;;;;;;;;;;;;;
16;Porifera;Demospongea;Protomonaxonida;Choiidae;Choiaella sp.;sessile, suspension feeder (demospongea);Botting, 2016;;;;;;;;;;;;;
17;Porifera;Demospongea;Protomonaxonida;Choiidae;Choiid A;sessile, suspension feeder (demospongea);Botting, 2016;;;poorly known species;;;;;;;;;;
18;Porifera;Demospongea;Protomonaxonida;Choiidae;Choiid B;sessile, suspension feeder (demospongea);Botting, 2016;;;;;;;;;Yale Peabody Museum : Choiidae : 6 mm, ~50 mm?;;;;
19;Porifera;Demospongea;Protomonaxonida;Choiidae;Choiid C;sessile, suspension feeder (demospongea);Botting, 2016;one specimen;;associated with dense layers of Araneograptus murrayi;;;;;;;;;;
20;Porifera;Demospongea;Protomonaxonida;Choiidae;Choiid 2;sessile, suspension feeder (demospongea);Van Roy et al., 2015;Common  - Locally abundant;;;;;;;;;;;;
21;Porifera;Demospongea;Protomonaxonida;Hamptoniidae;Hamptonia sp.;sessile, suspension feeder (demospongea);Botting, 2016;one specimen;;partial specimen;;10 cm diameter (7-25 mm length);;;;;;;;
22;Porifera;Demospongea;Protomonaxonida;Piraniidae;Pirania auraeum;sessile, suspension feeder (demospongea);Van Roy et al., 2015, Botting, 2016, Botting, 2007;Common  - Locally abundant;Upper Fezouata Shale;;Auraeopirania auraeum (new genus name, Botting et al., 2019);34 mm;;;;;;;;
23;Porifera;Demospongea;Protomonaxonida;Piraniidae;Pellipirania gloria;;Botting et al., 2019;;Lower Fezouata Shale;;;84 mm tall, 40 mm wide;;;;;;;;
24;Porifera;Demospongea;Protomonaxonida;Piraniidae;piraniid A;sessile, suspension feeder (demospongea);Botting, 2016;;;poorly preserved;;;;;;;;;;
25;Porifera;Demospongea;Protomonaxonida;Hamptoniidae;Hamptonia' christi;sessile, suspension feeder (demospongea);Van Roy et al., 2015, Botting, 2016, Botting, 2007;Common  - Locally abundant;Upper Fezouata Formation;Youngest occurrence, needs to be redescribed with new genus, probably represents a range of species;;5 mm;;;;;;;;
26;Porifera;Demospongea;Protomonaxonida;Undetermined;undetermined;sessile, suspension feeder (demospongea);Botting, 2016;;;not in feeding list;;;;;;;;;;
27;Porifera;Demospongea;-;Hazeliidae;hazeliid;sessile, suspension feeder (demospongea);;;;one species;;;;;;;;;;
28;Porifera;Hexactinellida;Reticulosa;-;Hexactinellids;;Van Roy et al., 2015;Rare;;;;~26 mm;;;;;;;;
29;Porifera;Hexactinellida;Reticulosa;-;species ressembling Valospongia;;Botting, 2016;;;;;;;;;;;;;
30;Porifera;Hexactinellida;Reticulosa;-;reticulosan A;;Botting, 2016;;;;;;;;;;;;;
31;Porifera;Hexactinellida;Reticulosa;-;reticulosan B;;Botting, 2016;;;;;;;;;;;;;
32;Porifera;Hexactinellida;Reticulosa;-;reticulosan C;;Botting, 2016;;;;;;;;;;;;;
33;Porifera;Hexactinellida;Reticulosa;-;reticulosan D;;Botting, 2016;;;;;;;;;;;;;
34;Porifera;Hexactinellida;Reticulosa;-;reticulosan E;;Botting, 2016;;;;;;;;;;;;;
35;Porifera;-;monaxonid;;undetermined sponge A;;Botting, 2016;;;not in feeding list;;;;;;;;;;
36;Porifera;-;;;undetermined sponge B;;Botting, 2016;;;not in feeding list, poorly preserved specimen, broadly annulated, thick-walled;;;;;;;;;;
37;Porifera;-;;;undetermined sponge C;;Botting, 2016;;Lower Fezouata Formation because of A. murrayi ?;not in feeding list, poorly preserved, in dense assemblage of A. murrayi;;;;;;;;;;
38;Cnidaria;Hydrozoa ?;Leptomedusae ?;Insertae ?;Plumalina-like form;epibenthic;Van Roy et al., 2015;Rare;;Earliest occurrence, not cnidarian (see Muir et Gutierrez-Marco, 2023);;;;;;;;;;
39;Cnidaria;Scyphozoa (Sub-phylum Medusozoa);;Conulariida;Archaeoconularia sp.;sessile, benthic, filter-feeding;Van Iten et al., 2016, Lefebvre et al., 2016 (indet.), Van Roy et al., 2010 (various conulariids);;Lower Fezouata Shale, Upper Fezouata shale;frequently occurs in monospecific mass associations (probable clumped distribution on the seafloor);;100-200 mm, even 500 mm (some smaller);;;;;;;;
40;Cnidaria;Scyphozoa (Sub-phylum Medusozoa);;Conulariida;Eoconularia sp.;sessile, benthic (often attached to brachiopods?), filter-feeding;Van Iten et al., 2016, Lefebvre et al., 2016 (indet.), Van Roy et al., 2010 (various conulariids);;Lower Fezouata Shale;frequently occurs in monospecific mass associations (probable clumped distribution on the seafloor);;<50 mm - 55 mm (en général plus petit);;;;;;;;
41;Cnidaria;Sub-phylum Medusozoa;;;Sphenothallus sp. 1;sessile, benthic, poss. filter-feeder (Neal and Hannibal, 2000);Van Iten et al., 2016, Van Roy et al., 2015;Locally common;Lower Fezouata Shale;;;15-60 mm;;;;;;;;
42;Cnidaria;Sub-phylum Medusozoa;;;?Sphenothallus sp. 2;sessile, benthic, poss. filter-feeder (Neal and Hannibal, 2000);Van Iten et al., 2016;;;;;;;;;;;;;
43;Cnidaria;Anthozoa;Octocorallia (sub-class);;Octocorallia?;;speciemen at Yale Peabody Museum;;;;;16 mm;;;;;;;;
44;Brachiopoda;Rhynchonellata;Orthida;Ranorthidae;Ranorthis fasciata;sessile, suspension feeder (Orthida);"Van Roy et al., 2015 ; Lefebvre et al., 2016";Common;Upper Fezouata Shale;;;;;;undet. Orthida - 10-15mm (YPM);;;;;
45;;Rhynchonellata;Athyridida;-;undet. Athyridida;;Yale Peabody Museum;;;;;14 mm;;;;;;;;
46;Brachiopoda;Lingulata;Lingulida;Acrothelidae;Acrothele sp.;sessile, suspension feeder (Acrothelidae);Lefebvre et al., 2016;;Lower Fezouata Shale;;;;;;;;;;;
47;Brachiopoda;Rhynchonellata;Orthida;Plectorthidae;Plectorthis simplex;sessile, suspension feeder (Orthida);Lefebvre et al., 2016;;Lower Fezouata Shale;;;;;;;;;;;
48;Brachiopoda;Rhynchonellata;Orthida;Angusticardiniidae;Angusticardinia sp.;sessile, suspension feeder (Orthida);Lefebvre et al., 2016;;Upper Fezouata Shale;;;;;;;;;;;
49;Brachiopoda;Lingulata;Lingulida;Lingulidae;Lingula salteri;sessile, suspension feeder (Lingulidae);Lefebvre et al., 2016, Van Roy et al., 2015;Common - Locally abundant;Upper Fezouata Shale;;;;;undet. Lingulida - 5-11 mm;;;;;;
50;Brachiopoda;Lingulata;Lingulida;Acrothelidae;Orbithele vana;sessile, suspension feeder (Acrothelidae);Lefebvre et al., 2016;;Upper Fezouata Shale;;;6-14 mm ????;;;;;;;;
51;Brachiopoda;Rhynchonellata;Orthida;Paurorthidae;Paurorthis tadristensis;sessile, suspension feeder (Orthida);Lefebvre et al., 2016;;Upper Fezouata Shale;;Paurothis (spelling mistake ?);;;;;;;;;
52;Brachiopoda;Rhynchonellata;Orthida;Heterorthidae;Tarfaya marocana;sessile, suspension feeder (Orthida);Lefebvre et al., 2016;;Upper Fezouata Shale;;;;;;;;;;;
53;Brachiopoda;-;-;-;Various other inarticulate taxa;suspension feeder (brachiopoda);Van Roy et al., 2015;;;not in feeding list;;;;;;;;;;
54;Brachiopoda;-;-;-;Various articulate taxa;suspension feeder (brachiopoda);Van Roy et al., 2015;;;not in feeding list;;;;;;;;;;
55;Brachiopoda ?????;Lingulata;Lingulida;Obolidae;Wosekella sp.;endobenthic (ordovician Wosekella) or semi-infaunal suspension feeder (Cambrian Wosekella);Álvaro et al., 2019;;;uncertain phylogeny;;~ 10 mm ??;;;;;;;;
56;Brachiopoda ?????;Lingulata;Lingulida;Elkaniidae;Monobolina sp.;sessile, suspension feeder (brachiopoda);Álvaro et al., 2019;;;uncertain phylogeny;;;;;;;;;;
57;Brachiopoda ?????;Lingulata;Lingulida;Obolidae;Elliptoglossa sp.;sessile, suspension feeder (brachiopoda);Álvaro et al., 2019;;;uncertain phylogeny;;;;;;;;;;
58;Brachiopoda ?????;Lingulata;Siphonotretida;Siphonotretidae;Celdobolus sp.;sessile, suspension feeder (brachiopoda);Álvaro et al., 2019;;;uncertain phylogeny;;;;;;;;;;
59;Brachiopoda;Lingulata;Lingulida;Discinoidea;Discinoidea?;;Specimen at Yale Peabody Museum;;;;;7-13-23 mm;;;;;;;;
60;Brachiopod;Rhynchonellata;Orthida;Dalmanelloidea;undet. Dalmanelloidea;;Specimen at Yale Peabody Museums;;Upper Fezouata Formation;;;8-15 mm;;;;;;;;
61;Bryozoa;-;-;-;Bryozoan;filter/suspension feeder (Bryozoa);Van Roy et al., 2015;Locally common;;;;;;;;;;;;
62;Mollusca;Bivalvia;Lucinida (if family Lucinidae);Lucinidae (Polechova) or Babinkidae (Mindat.org);Babinka prima;mobile, infaunal suspension-feeder, rapid burrower, mining-feeder, maybe chemosymbiosis (?)(like other lucinidae?);Polechová, 2016, Lefebvre et al., 2016, Van Roy et al., 2015;Locally common;Upper Fezouata Shale;som, phytoplankton, based on other lucinidae;Anuscula ?;24 mm;;;;;;;;
63;Mollusca;Bivalvia;-;-;Ctenodonta escosurae;deposit feeder;Lefebvre et al., 2016;;Lower Fezouata Shale, Upper Fezouata Shale;;;10.5-13 mm?;;;;;;;;
64;Mollusca;Bivalvia, Protobranchia;Nuculida;Praenuculidae;Praenucula sp.;infaunal deposit feeder (Praenculidae), facultatively mobile;Polechová, 2016, Lefebvre et al., 2016;very rare;Upper Fezouata Shale;;;~15 mm ?;;;;;;;;
65;Mollusca;Bivalvia, Heteroconchia;Actinodontida;Redoniidae;Redonia michelae;infaunal filter feeder, epibenthic;Polechová, 2016, Lefebvre et al., 2016, Van Roy et al., 2015;Locally common;Lower Fezouata Shale, Upper Fezouata Shale;;;4.2 mm à 17.5 mm ?;;;;;;;;
66;Mollusca;Bivalvia, Heteroconchia;Carditida;Lucinidae;Coxiconchia guiraudi;rapid burrower, infaunal filter-feeder;Polechová, 2016, Van Roy et al., 2015;Locally common;Upper Fezouata Shale;;Coxiconcha;5mm (Coxiconchia babini);;;;;;;;
67;Mollusca;Bivalvia, Protobranchia;Ctenodontia;Ctenodontidae;Alococoncha?;infaunal deposit feeder;Álvaro et al., 2019, Polechová, 2016;rare, one specimen;;;Aloconcha;???;;;;;;;;
68;Mollusca;Bivalvia, Protobranchia;Afghanodesmatida;-;Cardiolaria? sp.;infaunal deposit feeder;Álvaro et al., 2019, Polechová, 2016;rare, 5 specimens;;;;10-20 mm ???;;;;;;;;
69;Mollusca;Bivalvia, Heteroconchia;Actinodontida;Intihuarellidae;Cienagomya? sp.;infaunal filter feeder;Álvaro et al., 2019, Polechová, 2016;very rare, 1 specimen;;;;2-9 mm ?? (Cienagomya bidentata);;;;;;;;
70;Mollusca;Bivalvia, Protobranchia;Afghanodesmatida ??????????????????;Tironuculidae;Ekaterodonta courtessolei;deposit feeder, burrower;Álvaro et al., 2019, Polechová, 2016;rare;;;;5.5 mm (juvenile);;;;;;;;
71;Mollusca;Bivalvia, Pteriomorpha;Arcida;Parallelodontidae;Glyptarca sp.;infaunal filter feeder;Álvaro et al., 2019, Polechová, 2016;rare;;;;9 mm;;;;;;;;
72;Mollusca;Paragastropoda;Mimospirida;Onychochilidae;Pelecyogyra fezouataensis;epibenthic, mobile browser, deposit feeder ?;Ebbestad, 2016, Álvaro et al., 2019;;Lower Fezouata Formation;;;max 30 mm (3mm to 30);;;;;;;;
73;Mollusca;Gastropoda;Bellerophontida;Sinuitidae;Sinuites sp.;actively mobile, detritivore (Sinuitidae);Álvaro et al., 2019, Ebbestad, 2016;;Lower Fezouata Formation, Upper Fezouata Formation;;;15 mm;;;;;;;;
74;Mollusca;Gastropoda;Euomphalina;Lesueurillidae;Lesueurilla prima;epibenthic, filter feeder;Ebbestad, 2016, Lefebvre et al., 2016, Van Roy et al., 2015;Locally common;Upper Fezouata Formation;;Ophileta prima ?;~10-25 mm;;;;;;;;
75;Mollusca;Gastropoda;Neritimorpha;Platyceratoidea;undet. Platyceratoidea;;Specimens at YPM;;;;;15-25 mm;;;;;;;;
76;Mollusca;Gastropoda;-;-;Deshyolites sp. ;epibenthic;Van Roy et al., 2015;Locally common;Upper Fezouata Shale;All I could find about it to know its class was Wikipedia), only seems to be mentionned in Kroger's article on cephalopods, maybe to exclude from list ?????;;;;;;;;;;
77;Mollusca;Gastropoda/Tergomya(Monoplacophora ?);;;Archinacella? sp.;;Specimen in the Yale Peabody Museum, Peel, 1989;;;;;20 mm;;;;;;;;
78;Mollusca;Monoplacophora;;;undet. Monoplacophora;;Specimens in the Yale Peabody Musesum;;;;;5-20mm;;;;;;;;
79;Mollusca;Tergomya;-;-;Thoralispira laevis;epibenthic, deposit feeder;Lefebvre et al., 2016, Van Roy et al., 2015;Locally common;Upper Fezouata Shale;;Cymbularia laevis ?;max 29 mm;;;;;;;;
80;Mollusca;Tergomya;-;-;Thoralispira? cf. occitana;deposit feeder;Lefebvre et al., 2016;;Upper Fezouata Shale;;;?;;;;;;;;
81;Mollusca;Tergomya;-;Carcassonnellidae;Carcassonnella courtessolei;endobenthic, deposit feeder;Ebbestad, 2016, Lefebvre et al., 2016, Van Roy et al., 2015;Locally common;Upper Fezouata Shale;mix of juveniles and adults;Gamadiscus courtessolei ?;~2-9 mm;;;;;;;;
82;Mollusca;Tergomya;;Carcassonnellidae;Carcassonnella vizcainoi;deposit feeder;Ebbestad, 2016;;Upper Fezouata Formation;;;~6-8 mm;;;;;;;;
83;Mollusca;Tergomya;-;Carcassonnellidae;Carcassonnella sp.;deposit feeder;Ebbestad, 2016, Van Roy et al., 2015;Locally common;Lower Fezouata Formation, Upper Fezouata Formation;CarcaSSonella maybe ?  Not much is found on it (Horny and Peel, 1996);;2 mm ?? ;;;;;;;;
84;Mollusca;Rostroconchia;Ribeirioida;Ribeiriidae;Ribeiria sp.;filter/suspension feeder, sessile (rostrconchia);"Van Roy et al., 2015 ; Lefebvre et al., 2016";Rare;Upper Fezouata Shale;;;12-15 mm ?;;;;;;;;
85;Mollusca;Rostroconchia;Ribeirioida;Ischyrinidae;Tolmachovia?;filter/suspension feeder, sessile (rostrconchia);Álvaro et al., 2019;;;;;jusqu'à 18 mm ?;;;;;;;;
86;Mollusca ??????????????????????????????;-;-;Wiwaxiidae;Wiwaxiid;bacterioplankton, detritus, algae ? Dunne, 2008;Van Roy et al., 2015;Rare;;Youngest occurrence;;2-50 mm depending on species and age;;;;;;;;
87;Mollusca;Aculifera;-;Halkieriidae;Halkieriid;grazer or deposit feeder, motile (or predator/scavenger for Halkiera ?);Van Roy et al., 2015, Vinther et al., 2017(?)(Calvapilosa kroegeri???);Rare;;Youngest occurrence;;15-80 mm;;;;;;;;
88;Mollusca;Helcionelloida;-;-;Helcionelloid;detritivore, slow moving, epibenthic, grazer on alga and cyanobacterial mats;Van Roy et al., 2015;Rare;;;;3-50 mm;;;;;;;;
89;Mollusca;Aculifera (not class);Sachitida (contains other stuff too ?);Siphogonuchitoidea;Calvapilosa kroegeri;grazer, actively mobile (Sachitida), epibenthic;Vinther et al., 2017, Álvaro et al., 2019;;Lower Fezouata Shale;;;15 - 120 mm;;;;;;;;
90;Mollusca;Cephalopoda;Orthocerida;Baltoceratidae;Bactroceras sp.;actively mobile, carnivore (Orthocerida);"Van Roy et al., 2015 ; Kröger and Lefebvre, 2012";;;straight shell;;23 mm diameter;;;;;;;;
91;Mollusca;Cephalopoda;Ellesmerocerida;Bathmoceratidae;Bathmoceras australe;actively mobile, carnivore (Cephalopoda), nektobenthic;"Van Roy et al., 2015 ; Kröger and Lefebvre, 2012";;;;;31 mm body chamber width, 56 mm siphuncle diameter;;;;;;;;
92;Mollusca;Cephalopoda;Ellesmerocerida;Bathmoceratidae;Bathmoceras taichoutense;actively mobile, carnivore (Cephalopoda);"Van Roy et al., 2015 ; Kröger and Lefebvre, 2012";;;;;15 mm width;;;;;;;;
93;Mollusca;Cephalopoda;Ellesmerocerida;Rioceratidae;Rioceras sp.;actively mobile, carnivore (Cephalopoda), nektobenthic;"Van Roy et al., 2015 ; Kröger and Lefebvre, 2012";;;;;37 mm width;;;;;;;;
94;Mollusca;Cephalopoda;Discosorida;Apocrinoceratidae;Destombesiceras zagorense;actively mobile, carnivore (Cephalopoda), nektobenthic;"Van Roy et al., 2015 ; Kröger and Lefebvre, 2012";Locally common;;exogastrically curved shell;;16 mm diameter;;;;;;;;
95;Mollusca;Cephalopoda;Orthocerida;Polymeridae;Polymeres sp.;fast-moving, carnivore (Cephalopoda);"Van Roy et al., 2015 ; Kröger and Lefebvre, 2012";;;This is a horrible name choice as it is very hard to google since it's also a real word.;;26 mm diameter;;;;;;;;
96;Mollusca;Cephalopoda;Endocerida;Protocameroceratitdae;Protocyptendoceras longicameratum;actively mobile, suspension feeder (Mironenko, 2018);"Van Roy et al., 2015 ; Kröger and Lefebvre, 2012";;;large straight slender or curved shells with heavy endosiphuncular deposits;;26 mm diameter;;;;;;;;
97;Mollusca;Other;Other;Other;Possible soft-bodied mollusc;;Van Roy et al., 2015;Rare;;not in feeding list;;;;;;;;;;
98;;;;;Nautiloidea ?????;;;;;;;;;;;;;;;
99;Annelida;Machaeridia;Turrilepadomorpha;Plumulitidae;Plumulites bengtsoni;scavenger or predator, epibenthic;Vinther et al., 2008, Van Roy et al., 2015, Parry et al., 2019;Rare;Lower Fezouata Formation;sediment-filled gut;Plumulites bengstoni (spelling mistake);58 mm, width ???;;;;;;;;
100;Annelida;Machaeridia (?);-;Plumulitidae;Large plumulitid;;Vinther et al., 2008, Van Roy et al., 2015;Rare;Lower Fezouata Formation;;;maybe a bit more than Plumulites bengtsoni since it is qualified as large ?;;;;;;;;undet. Machaeridia - 28 mm
101;Annelida;Polychaeta;Phyllodocida;Phyllodocidae;Possible phyllodocid;predator or scavenger (based on current species);Van Roy et al., 2015;Rare;;;;;;;;;;;;
102;Annelida;Polychaeta;-;-;Polychaete 1;epibenthic;Van Roy et al., 2015;Rare;;not in feeding list;;;;;;;;;;
103;Annelida;Polychaeta;-;-;Polychaete2;;Van Roy et al., 2015;Rare;;not in feeding list;;;;;;;;;;
104;Annelida;;;;Probable annelid 1;;Van Roy et al., 2015;Common;;not in feeding list;;;;;;;;;;
105;Annelida;;;;Probable annelid 2;;Van Roy et al., 2015;Rare;;not in feeding list;;;;;;;;;;
106;Annelida;;;;Isolated scolecodonts;;Van Roy et al., 2015;;;not in feeding list;;;;;;;;;;
107;Cycloneuralia;Palaeoscolecida (in Priapulida ?);;;Palaeoscolex cf. tenensis;small prey (small larval stages of invertebrates)(small teeth) and edible particles (ex: detritus), endobenthic ?, deposit feeding ?(martin et al, 2016?);Van Roy et al., 2015, Martin et al., 2016, Kouraiss et al., 2018;Locally common, 38 specimens;;one specimen with a digestive tract filled with sediment-like material (most probably deposit feeding - 2), epibenthic ?, une autre espèce ailleurs avait petit arthoropode dans gut, en général, semble être omnivore - ingère sédiments aussi un peu comme priapulides modernes (donc ingère sédiments et mange petits trucs morts ou vivants sur son passage);;2-5cm long ou plus,  max 3 cm wide;;;;;;;;
108;Cycloneuralia (Priapulida ?);Priapulida;;;Priapulid;endobenthic, carnivore/scavenger ?;Van Roy et al., 2015;Rare;;;;4-24 mm (undet. Priapulida YPM);;;;;;;;
109;Lobopodians;-;-;-;Large taxon with spinose limbs;filter feeder ?;Van Roy et al., 2015, Caron et Aria, 2017 (ecology);Rare;;Youngest occurrence;;;;;;;;;;
110;Lobopodians;-;-;-;Small taxon with spinose limbs;filter feeder ?;Van Roy et al., 2015, Caron et Aria, 2017 (ecology);Rare;;Youngest occurrence;;;;;;;;;;
111;Lobopodians;-;-;-;Armoured lobopodian 1;Predator of sponges ??? Dunne, 2010;Van Roy et al., 2015;Locally common;;Youngest occurrence;;;;;des lobopodes? quelconques de 9-17 mm, mais poss. incomplets ?, undet. Lobopodia - ~63mm (Yale Peabody Museum);;;;;
112;Lobopodians;-;-;-;Armoured lobopodian 2;Predator of sponges ??? Dunne, 2011;Van Roy et al., 2015;Rare;;Youngest occurrence;;;;;;;;;;
113;Lobopodians;-;-;-;Armoured lobopodian 3;Predator of sponges ??? Dunne, 2012;Van Roy et al., 2015;Rare;;Youngest occurrence;;;;;;;;;;
114;Lobopodians;;;;Diania-like lobopodian;predator of sponges ?;Martin, thesis;;;so armoured ?;;;;;;;;;;
115;Arthropoda;Dinocaridida ?;Radiodonta, Anomalocaridids;Hurdiidae;Aegirocassis benmoulai;filter feeder (mesoplankton);"Van Roy et al., 2015anomalocaridid, Van Roy et al., 2015 ; Potin et al., 2021";Common - Locally abundant;Lower Fezouata Formation;Youngest occurrence;;2 m;;;;;;;;
116;Arthropoda;Dinocaridida ?;Radiodonta;Hurdiidae;Hurdiid 2;predator that sifts sediments (so eats benthic stuff), epibenthic (since its sifts, maybe not to big preys ??? Since not really hunting ??);Van Roy et al., 2015;Rare;;Youngest occurrence;;80 to 300 mm ?;;;;;;;;
117;Arthropoda;Dinocaridida ?;Radiodonta;Hurdiidae;Hurdiid 3;predator that sifts sediments (so eats benthic stuff), epibenthic;Van Roy et al., 2015;Rare;;Youngest occurrence;;80 to 300 mm ?;;;;;;;;
118;Arthropoda;Dinocaridida ?;Radiodonta;Hurdiidae;Hurdiid 4;predator that sifts sediments (so eats benthic stuff), epibenthic;Van Roy et al., 2015;Rare;;Youngest occurrence;;80 to 300 mm ?;;;;;;;;
119;;;;;Hurdia sp.;predator that sifts sediments (so eats benthic stuff), epibenthic;Specimen au Yale Peabody museum;;;;;40 mm;;;;;;;;
120;Arthropoda;Dinocaridida ?;Radiodonta;-;Anomalocaris-like taxon;possibly nektonic carnivore like Anomalocaris ?;Van Roy et al., 2015;Rare;;Youngest occurrence;;;;;;;;;;
121;Arthropoda;Dinocaridida ?;Radiodonta;Amplectobeluidae;amplectobeluids;nektonic carnivore;Álvaro et al., 2019;;;;;;;;;;;;;
122;Arthropoda;Pancrustacea (clade);Canadaspidida (synonym Hymenocarina?);-;Canadaspidid;mobile, nektobenthic, deposit feeder (ROM);Van Roy et al., 2015;Rare;;Youngest occurrence;Hymenocarina = Canadaspidida, Canadspidid;;;;;;;;;
123;Arthropoda;Marrellomorpha;Marrellida;Mimetasteridae;Furca sp. 1;filter-feeder;Van Roy et al., 2015;Common;;Marella would be a nektobenthic filter-feeder (García-Bellido, D. C., & Collins, D. H. (2006)) or marrellomorphs = scavengers/deposit feeders (but other group ?), Rak et al., 2012 disent benthic?, mais faut voir plus de détails des appendages;;13-40 mm;;;;;;;;
124;Arthropoda;Marrellomorpha;Marrellida;Mimetasteridae;Furca sp. 2;filter-feeder;Van Roy et al., 2015;Common;;;;;;;;;;;;
125;Arthropoda;Marrellomorpha;Marrellida;Mimetasteridae;Furca sp. 3;filter-feeder;Van Roy et al., 2015;Rare;;;;;;;;;;;;
126;Arthropoda;Marrellomorpha;Marrellida;Marrellidae;Marrella sp.;filter-feeder;Specimen at Yale Peabody Museum;;;;;morceau de 28 mm (arc de cercle);;;;;;;;
127;Arthropoda;Marrellomorpha;Acercosteraca;Vachonisiidae;Enosiaspis hrungnir;epibenthic, scavenger/deposit feeder;Legg, 2016, Van Roy et al., 2015;Rare ?;;Same specimen as next line ?;;7-15 mm;;;;;;;;
128;Arthropoda;Megacheira;;Leanchoiliidae;Leanchoilia sp.;predator, nekto-epibenthic, agile (Garcia-Bellido et Collins, 2007, Haug et al, 2012);Van Roy et al., 2015, Specimen at Yale Peabody Museum;Locally common;;Youngest occurrence;;24-32 mm;;;;;;;;
129;Arthropoda;-;;-;Possible waptiid;Waptia was active swimming predator of soft prey items or soft tissues from carcasses (Vannier et al., 2018) or scavenger (Strausfeld, 2016) (Dunne put that it eats small hyoliths and other soft bodied stuff in Burgess and detritus in Chenjiang);Van Roy et al., 2015;Rare;;Youngest occurrence;;20-110 mm selon sp.(Hou et al., 2009);;;;;;;;
130;Arthropoda;Chelicerata ? (subphylum);;Mollisoniidae;Thelxiope sp.;epibenthic;"Van Roy et al., 2015; Aria et Caron, 2019 (supp.)";Locally abundant;Upper Fezouata Formation;Youngest occurrence, also a mythical greek mermaid, CAN'T FIND WHAT THEY EAT ???;;10-40 mm (Photos Yale Peabody Museum);;;;;;;;
131;Arthropoda;Chelicerata ? (subphylum);;Mollisoniidae;Mollisonia sp. 1;epibenthic, predatory ?? (one species in Aria et Caron, 2019);Van Roy et al., 2015;Rare;;Youngest occurrence, CAN'T FIND WHAT THEY EAT ???;;;;CAN'T FIND WHAT THEY EAT ???;;;;;;
132;Arthropoda;Chelicerata ? (subphylum);;Mollisoniidae;Mollisonia sp. 2;;Van Roy et al., 2015;Rare;;Youngest occurrence, CAN'T FIND WHAT THEY EAT ???;;;;;;;;;;
133;Arthropoda;Chelicerata (subphylum);;-;Basal chelicerate;;Van Roy et al., 2015;Rare;;Earliest occurrence, too vague to be used;;;;;;;;;;
134;Arthropoda;Chelicerata (subphylum);Xiphosura;-; 'Synziphosurine'/Synziphosurina?(YPM);fast-moving, predator;Lustri et al., 2020, Van Roy et al., 2015;Common - Locally abundant;;Earliest occurrence, Thèse Martin-petite limule ?;;3-9 mm;;;;;;;;
135;Arthropoda;Chelicerata (subphylum), Dekatriata (clade);;-;Chasmataspidid;epibenthic, one species during the Devonian probably preyed on small infaunal and semi infaunal organisms such as bivalves and inarticulate brachiopods, but not much evidence (Poschmann et al., 2005), probably benthic predator with mode of life like xiphosurans, maybe ate small phyllocarid and ostracods, maybe worms like xiphosurans (Dunlop, 2002);Van Roy et al., 2015;Rare;;Earliest occurrence, Hoplitaspis aurait été un prédateur de trucs relativement mous épibenthiques, mais d'autres espèces plus tard font autre chose ??;;12-16 mm;;;;;;;;
136;Arthropoda;Chelicerata (subphylum), Dekatriata (clade), Sclerophorata (clade);;-;Eurypterid 1;nektobenthic, prédateur, mangerait trilobites et autres euryptérides, potentiellement peu spécialisé, car morphologie appendices peu spécialisée;Van Roy et al., 2015;Fragments common;;Earliest occurrence, personne ne les a étudié;;YPM ????, one jaw fragment 10mm long;;;;;;;;
137;Arthropoda;Chelicerata (subphylum), Dekatriata (clade), Sclerophorata (clade);;-;Eurypterid 2;nektobenthic, prédateur, mangerait trilobites et autres euryptérides, potentiellement peu spécialisé, car morphologie appendices peu spécialisée;Van Roy et al., 2015;Rare;;Earliest occurrence;;YPM ????;;;;;;;;
138;Arthropoda;Pycnogonida (subphylum Chelicerata);;-;Possible pycnogonid;epibenthic, voir remarques;Van Roy et al., 2015;Rare;;current species eat algae, hydroids(bcp), méduses, bryozoaires, nudibranches, bivalves (parasitent), gastropodes (observés), annélides, un peu d'amphipodes et de copépodes morts?, détritus (quand rien d'autre?), bref des généralistes pour la plupart (Dietz et al., 2018);;;;;;;;;;
139;Arthropoda;Xiphosura (subphylum Chelicerata);;-;Xiphosurid;epibenthic, selective ominvore, voir remarques;Van Roy et al., 2015;Common - Locally abundant;;Earliest occurrence, (Botton, 1984 - current species eat bivalves, worms, gastropods, shrimp-like stuff, copepods, isopods, plant material (algae ??), a bit of bryozoa, cirripedia, foraminifera, ) (Carmichael et al., 2009 - must eat combination of plant and animals it seems);;corps-5(?)-10-40mm, avec queue, jusqu'à 60mm;;;;;;;;
140;Arthropoda;Artiopoda (unranked?), subclass Conciliterga;;-;Possible helmetiid;nektonic or planktonic ?, according to Dunne, 2008, could be filter-feeder(Burgess species) or detritivore(Chengjiang species);Van Roy et al., 2015;Rare;;Youngest occurrence;;;;;;;;;;
141;Arthropoda;Artiopoda (subphylum?, unranked ?);;-;Possible retifaciid;epibenthic, see remarks;Van Roy et al., 2015;Rare;;Youngest occurrence, other species from Chengjiang of same group could be benthic scavenger of soft-bodied organisms and/or eat orgabic matter, p-ê petits  organismes à coquille (Zhang et al., 2022);;;;;;;;;;
142;Arthropoda;-;Nektaspida;Naraoiidae;Naraoiid;epibenthic opportunistic scavenger/predator of soft-bodied invertebrates (Vannier et Chen, 2002, Zhai et al., 2019, Edgecomb, Legg - Arthropods fossil record), mud-eater (Bergström et al., 2007);Van Roy et al., 2015;Rare;;Non-biomineralized;;~43 mm (undet. Naraoiidae);;;;;;;;
143;Arthropoda;-;Nektaspida;Liwiidae;Tariccoia tazagurtensis;epibenthic;Pérez-Peris et al., 2020, Van Roy et al., 2015;Rare;Lower Fezouata Shale;;;max 8 mm;;;;;;;;
144;;Artiopoda  --- ???Xiphosura (subphylum Chelicerata)???(YPM?);Aglaspidida;;Chlupacaris? sp.;epibenthic filter feeder (filtered sediments that it stirred with its limbs);"Yale Peabody Museum ; Van Roy, 2005 ou 2007";;;natant hypostome;;au moins 20 mm;;;;;;;;
145;Arthropoda;Artiopoda (unranked?), Vicissicaudata (unranked?) (Xiphosura ?? YPM);Aglaspidida;Tremaglaspidiae;Tremaglaspis sp.;epibenthic;Van Roy et al., 2015, Ortega-Hernández et al., 2016;Common - locally abundant;;natant hypostome;;45-85 mm;;;;;;;;
146;Arthropoda;Artiopoda;Aglaspidida;Aglaspididae;Brachyaglaspis singularis;epibenthic;Ortega-Hernández et al., 2016, Van Roy et al., 2015;1 specimen;Upper Fezouata Formation;;;69.6 mm;;;;;;;;
147;Arthropoda;Artiopoda (unranked?), Vicissicaudata (unranked?);;-;Cheloniellid;epibenthic, predator (xiphosuran-like gnathobases for masticating food) or scavenger on or a bit in the substrate (a bit like xiphosurans) (Dunlop, 2002) predator, scavenger, eats small mobile invertebrates (Braddy and Dunlop, 2021);Van Roy et al., 2015;Rare;Upper Fezouata Formation;Earliest occurrence;;12 -25 mm;;;;;;;;
148;Arthropoda;Dinocaridida ?;Radiodonta;Hurdiidae;Pseudoangustidontus duplospineus;suspensivore, mesoplankton;"Van Roy et Tetlie, 2006, Van Roy et al., 2015 ; Potin et al., 2021";Common;Upper Fezouata Formation;Has a Wikipedia page in Italian for some reason (but not English);;appendage 25 mm long, spines 5.2 mm long max;;;;;;;;
149;Arthropoda;Dinocaridida ?;Radiodonta;Hurdiidae;Pseudoangustidontus sp. Nov;suspensivore, mesoplankton;Potin et al., 2021;;;;;;;;;;;;;
150;Arthropoda;Malacostraca;;-;Phyllocarid;epibenthic (?), pelagic (??????), can swim (pelagic and nektobenthonic), burrowing, feeds in the water column ? (Dunlop, 2002), deposit feeder (Vannier et al., 1997), current ones filter feed sediments stirred up, or carnivorous scavengers (livre Brusca);Van Roy et al., 2015, Vannier et al., 1997;Rare;;;;15 mm (undet. Phyllocarida YPM);;;;;;;;
151;Arthropoda;Malacostraca;;-;Angustidontid;pelagic predator (Zatoń et al., 2014 et Rolfe et Dzik, 2006)(could eat cephalopods ? and maybe conodonts ?) ;"Van Roy et al., 2015 ; Alvaro ?";Rare;;Earliest occurrence, (filter-feeder (sp. from Devonian, Gueriau et al., 2014) but from land? So no?);;late devonian sp = maxilliped  ~ 16mm to 66mm (42mm for last article, toothed area 8 to 34 mm) , body 29mm-74mm ?(from those found)(Rolfe et Dzik);;;;;;;;
152;Arthropoda;Ostracoda;;-;Ostracod;deposit feeder (martin, thesis), suspension feeder (martin, thesis), can be benthic or planktonic (brusca book) (some can be herbivores, scavengers, or predators);Van Roy et al., 2015;Rare;;;;3 mm;;;;;;;;
153;Arthropoda;Cirripedia (infraclass);;Lepadomorpha (suborder);Lepadomorph barnacle;epibenthic, filter feeder (detritus, phytoplankton, zooplankton,  small crustacea, copepods, polychaetes, hydroids)(Lewis, 1981);Van Roy et al., 2015;Rare;;;;13 mm (Yale Peabody Museum, but Cirripedia?, don't know if lepadomorph);;;;;;;;
154;Arthropoda;;;-;Cycloid-like taxon;;Van Roy et al., 2015;Rare;;looks like crab, cyloids only actually appear in carboniferous ?, prob very varied modes of life;;;;;;;;;;
155;Arthropoda;Unknown;;Unknown;Multiple bivalved taxa;;Van Roy et al., 2015;;;;;;;;;;;;;
156;Arthropoda;Unknown;;Unknown;Several taxa of currently uncertain affinity;;Van Roy et al., 2015;;;;;;;;;;;;;
157;Arthropoda;-;-;Cheloniellid;Eoduslia;"benthic predator/scavenger in or on the substrate, fed on small mobile invertebrates (potential ancestor ate trilobites, brachiopods, and worms) (Dunlop, 2002 ; Brady et Dunlop, 2021) (for other species, determine if burrower of not depending on wether eyes or not (dunlop, 2002), + Cheloniellon carnivorous pcq raptorial limbs ?)";;;Upper Fezouata Shale;Can't really seem to find any information on that species (Eoduslia braghimtahiri ?, Vidal1998?????);;;;;;;;;;
158;Arthropoda;-;-;-;Zagoracaris fezouataensis;;Kröger et Lefebvre, 2012;;Upper Fezouata Shale;Only mentions of the name in other articles, nothing that seems to give more info on it (except maybe Van Roy's phd ? Send an email ?);;;;;;;;;;
159;Arthropoda;Trilobita;Asaphida;Asaphidae;Asaphellus stubbsi;epibenthic, predator, fast;Van Roy et al., 2015, Martin et al., 2016trilobite;Locally common;Lower Fezouata Formation;;;241-380 mm;;;;;;;;
160;Arthropoda;Trilobita;Asaphida;Nileidae;Platypeltoides cuervoae;predator/scavenger, fast;"Van Roy et al., 2015 ; Corbacho et al., 2020";Locally common;;impendent hypostome, pred, but could maybe eat bigger prey items;"Platypeltoides cuervoae ?   Diversity and Distribution of the Genus Platypeltoides
(Nileidae) in Morocco ";95-125 mm;;;;;;;;
161;Arthropoda;Trilobita;Asaphida;Asaphidae;Asaphellus fezouataensis ;predator/scavenger, fast;Lefebvre et al., 2016, Martin et al., 2016trilobite, Van Roy et al., 2015;Common;Upper Fezouata Shale, Lower Fezouata Shale;hypostoma with ridges ?;;67-101 mm;;;;;;;;
162;Arthropoda;Trilobita;Asaphida;Asaphidae;Asaphellus sp aff. jujuanus;predator/scavenger, fast;Lefebvre et al., 2016, Martin et al., 2016trilobite;;Upper Fezouata Shale, Lower Fezouata Shale;;;37-62 mm;;;;;;;;
163;Arthropoda;Trilobita;Asaphida;Asaphidae;Asaphellus tataensis;predator/scavenger, fast , (no fork in hypostome ?, but antenna good for hunting ? Edgecombe et fortey, 2022);Lefebvre et al., 2016, Martin et al., 2016trilobite;;Upper Fezouata Shale, Lower Fezouata Shale;;;>70 mm (p-ê environ 90-100 ???);;;;;;;;
164;Arthropoda;Trilobita;Asaphida;Asaphidae;Asaphellus sp.;predator, fast;Lefebvre et al., 2016;;Lower Fezouata Shale;;;;;;;;;;;
165;Arthropoda;Trilobita;Asaphida;Asaphidae;Asaphellus indet.;predator, fast;Lefebvre et al., 2016;;Upper Fezouata Shale;;;;;;;;;;;
166;Arthropoda;Trilobita;Asaphida;Taihungshaniidae ?;Asaphopsis sp.;epibenthic, fast, predator;"Van Roy et al., 2015 ; Lefebvre et al., 2016";Locally common;Lower Fezouata Shale;;;;;;;;;;;
167;Arthropoda;Trilobita;Asaphida;Asaphidae;Basilicus (Basiliella?) destombesi;epibenthic, fast, predator (fossilworks);Lefebvre et al., 2016, Martin et al., 2016trilobite;;Upper Fezouata Shale, Lower Fezouata Shale;;;;;;;;;;;
168;Arthropoda;Trilobita;Asaphida;Asaphidae;Basilicus (Basiliella?) aff. destombesi;epibenthic, fast, predator (fossilworks);Lefebvre et al., 2016;;Upper Fezouata Shale;medium eyes;;330 mm;;;;;;;;
169;Arthropoda;Trilobita;Asaphida;Asaphidae;Basilicus (Basiliella?) sp. A;epibenthic, fast, predator (fossilworks);Lefebvre et al., 2016;;Upper Fezouata Shale;big eyes;;510 mm (sp.);;;;;;;;
170;Arthropoda;Trilobita;Asaphida;Asaphidae;Basilicus (Basiliella?) sp. B;epibenthic, fast, predator (fossilworks);Lefebvre et al., 2016;;Upper Fezouata Shale;;;510 mm (sp.);;;;;;;;
171;Arthropoda;Trilobita;Asaphida;Asaphidae;Basilicus (Basilicus) vidali;epibenthic, fast, predator (fossilworks);Corbacho et Vela, 2010;;;big eyes;;360 mm;;;;;;;;
172;;;;;Basilicus (Basilicus) sp.;epibenthic, fast, predator (fossilworks);;;;;;;;;;;;;;
173;Arthropoda;Trilobita;Asaphida;Asaphidae;Basilicus sp.;epibenthic, fast, predator (fossilworks);Van Roy et al., 2015;Rare;;;;;;;;;;;;
174;Arthropoda;Trilobita;Asaphida;Asaphidae;Kierarges morrisoni;epibenthic, fast, predator (fossilworks);Van Roy et al., 2015, Corbacho, 2014;Rare;Upper Fezouata Formation ?;;;34-140 mm;;;;;;;;
175;Arthropoda;Trilobita;Asaphida;Nileidae;Platypeltoides magrebiensis;epibenthic, fast, predator (fossilworks);Lefebvre et al., 2016, Martin et al., 2016trilobite, Corbacho et Vela, 2010;;Lower Fezouata Shale;;;33-62 mm, 180-230 mm, 277 mm  USE SMALL SIZES ??;;;;;;;;
176;Arthropoda;Trilobita;Asaphida;Nileidae;Platypeltoides hammondi;epibenthic, fast, predator (fossilworks);Corbacho et López-Soriano, 2016;;;;;165 mm;;;;;;;;
177;Arthropoda;Trilobita;Asaphida;Nileidae;Playpeltoides carmenae;epibenthic, fast, predator (fossilworks);Corbacho et al., 2017;;;;;55 mm;;;;;;;;
178;Arthropoda;Trilobita;Asaphida;Nileidae;Platypeltoides sp.;epibenthic, fast, predator (fossilworks);Van Roy et al., 2015;Common;;;;;;;;;;;;
179;Arthropoda;Trilobita;Asaphida;Nileidae;Symphysurus angustatus (à enlever ?, gutierrez-marco et al., 2019);epibenthic, fast, predator (fossilworks);Martin et al., 2016trilobite, Gutierrez-Marco et al., 2019;;Lower Fezouata Shale;;;;;;;;;;;
180;Arthropoda;Trilobita;Asaphida;Nileidae;Symphysurus angustatus sicardi (or just sicardi ? Gutierrez-marco et al, 2019);epibenthic, fast, predator (fossilworks);"Lefebvre et al., 2016 ;  Gutierrez-Marco et al., 2019";;Upper Fezouata Shale;;;30-32 mm;;;;;;;;
181;Arthropoda;Trilobita;Asaphida;Nileidae;Symphysurus ebbestadi;epibenthic, fast, predator (fossilworks);"Drage et al., 2019 ;  Gutierrez-Marco et al., 2019";;Lower Fezouata Formation;9 specimens from one lens, moulting stages;;30-40 mm;;;;;;;;
182;Arthropoda;Trilobita;Asaphida;Nileidae;Symphysurus sp. (to consider ??? Gutierrez-marco, 2019);epibenthic, fast, predator (fossilworks);"Van Roy et al., 2015 ; Lefebvre et al., 2016 ;  Gutierrez-Marco et al., 2019";Common;Lower Fezouata Shale;;;3.9-4.2 cm, 60 mm (specimen YPM);;;;;;;;
183;Arthropoda;Trilobita;Asaphida;Remopleurididae;Apatokephalus cf. incisus;epibenthic, or nektobenthic carnivore (fossilworks);Martin et al., 2016trilobite;;Lower Fezouata Shale;;;;;;;;;;;
184;Arthropoda;Trilobita;Asaphida;Remopleurididae;Apatokephalus sp.;epibenthic, or nektobenthic carnivore (fossilworks);"Van Roy et al., 2015 ; Lefebvre et al., 2016";Rare;Lower Fezouata Shale, Upper Fezouata shale;;;25-30 mm;;;;;;;;
185;Arthropoda;Trilobita;Asaphida;Dikelokephalinidae/Hungaiidae ?;Dikelokephalina brenchleyi;epibenthic, fast, predator (fossilworks);Van Roy et al., 2015, Martin et al., 2016trilobite;Locally common;Lower Fezouata Shale;;Dikelophalina brenchley ? (spelling ?);24.2-33.7 (cm?);;;;;;;;
186;Arthropoda;Trilobita;Asaphida;Dikelokephalinidae/Hungaiidae ?;Dikelokephalina sp.;epibenthic, fast, predator (fossilworks);Specimen at Yale Peabody Museum;;;;;10 mm or 295 mm;;;;;;;;
187;Arthropoda;Trilobita;Asaphida;Dikelocephalidae;undet. Dikelocephalidae;epibenthic, fast, predator (fossilworks);Specimen at Yale Peabody Museum;;;;;5.5 mm;;;;;;;;
188;Arthropoda;Trilobita;Corynexochida/Asaphida ?;superfamily Illaenacea;undet. Illaenacea;epibenthic, fast, predator (fossilworks);Specimen at Yale Peabody Museum;;;;;4 mm;;;;;;;;
189;Arthropoda;Trilobita;Asaphida;Alsataspididae;Orometopus sp.;epibenthic, fast, predator (fossilworks);"Van Roy et al., 2015 ; Lefebvre et al., 2016";Rare;Lower Fezouata Shale;;;2.5-5.5 mm (juvenile);;;;;;;;
190;Arthropoda;Trilobita;Asaphida;Raphiophoridae;Cnemidopyge sp.;epifaunal, fast, suspension feeder (fossilworks);Van Roy et al., 2015;Locally common;;;;;;;;;;;;
191;Arthropoda;Trilobita;Lichida;Lichakephalidae;Lichakephalus stubbsi;epibenthic, predator (fossilworks);Van Roy et al., 2015;Rare;;;;;;;;;;;;
192;Arthropoda;Trilobita;Lichida;Lichidae;Parvilichas marochii;epifaunal, fast, predator (fossilworks);Van Roy et al., 2015, Corbacho et Vela, 2013;Rare;Upper Fezouata Shale;;;26 mm;;;;;;;;
193;;;;;Selenopeltis aff. Gallica;epifaunal, fast, predator (fossilworks);;;;;Same as sp. 1 and 2 ????;;;;;;;;;
194;;;;;Selenopeltis binodosa;epifaunal, fast, predator (fossilworks);;;;;;;;;;;;;;
195;Arthropoda;Trilobita;Odontopleurida;Odontopleuridae;Selenopeltis sp. 1;epifaunal, fast, predator (fossilworks);Van Roy et al., 2015;Rare;Upper Fezouata Formation;;;17-23 mm (undet. Odontopleurida);;;;;;;;
196;Arthropoda;Trilobita;Odontopleurida;Odontopleuridae;Selenopeltis sp. 2;epifaunal, fast, predator (fossilworks);Van Roy et al., 2015;Rare;Upper Fezouata Formation;;;;;;;;;;;
197;Arthropoda;Trilobita;Harpetida;Harpididae;Harpides sp.;epibenthic;Van Roy et al., 2015;Rare;Upper Fezouata Formation;;;57-66 mm;;;;;;;;
198;Arthropoda;Trilobita;Phacopida;Cheiruridae;Foulonia peregrina;epifaunal, fast, predator (fossilworks);Martin et al., 2016trilobite;;Lower Fezouata Shale;;;;;;;;;;;
199;Arthropoda;Trilobita;Phacopida;Cheiruridae;Foulonia sp.;epifaunal, fast, predator (fossilworks);Van Roy et al., 2015, Martin et al., 2016trilobite;Locally common;;;;;;;;;;;;
200;Arthropoda;Trilobita;Phacopida;Cheiruridae;Lehua adserai;epifaunal, fast, predator (fossilworks);Van Roy et al., 2015;Common;;;synonyms of Anacheirus adserai ??????;10 mm (Lehua sp.);;;;;;;;
201;Arthropoda;Trilobita;Phacopida;Cheiruridae;Lehua corbachoi;epifaunal, fast, predator (fossilworks);Van Roy et al., 2015;Common;;;;;;;;;;;;
202;Arthropoda;Trilobita;Phacopida;Cheiruridae;Lehua tahirii;epifaunal, fast, predator (fossilworks);Van Roy et al., 2015;Common;;;;;;;;;;;;
203;Arthropoda;Trilobita;Phacopida;Cheiruridae;Lehua velai;epifaunal, fast, predator (fossilworks);Van Roy et al., 2015;Common;;;;;;;;;;;;
204;;;;;Parapilekia olesnaensis;;;;;;;245 mm;;;;;;;;
205;Arthropoda;Trilobita;Phacopida;Pilekiidae;Parapilekia sp.;epifaunal, fast, predator (fossilworks);"Van Roy et al., 2015 ; Lefebvre et al., 2016";Rare;Lower Fezouata Shale;;;;;;;;;;;
206;;;;;Pilekia sp.;;;;;;;;;;;;;;;
207;Arthropoda;Trilobita;Phacopida;Dalmanitidae;Toletanaspis aff. borni;predator, fast (fossilworks);Lefebvre et al., 2016, Martin et al., 2016trilobite;;Lower Fezouata Shale, Upper Fezouata Shale;;;;;;;;;;;
208;Arthropoda;Trilobita;Phacopida;Dalmanitidae;Toletanaspis sp.;epibenthic, predator, fast (fossilworks);Van Roy et al., 2015;Locally common;;;;;;;;;;;;
209;;;;;undet. Dalmanitacea (?????);;Specimen at Yale Peabody Museum;;;;;16 mm (au moins);;;;;;;;
210;Arthropoda;Trilobita;Phacopida;Bathycheilidae;Bathycheilus gallicus;epifaunal, fast, predator (fossilworks);Lefebvre et al., 2016;;Upper Fezouata Shale;;;;;;;;;;;
211;Arthropoda;Trilobita;Phacopida;Bathycheilidae;Bathycheilus sp.;epifaunal, fast, predator (fossilworks);Van Roy et al., 2015;Common;;;;;;;;;;;;
212;Arthropoda;Trilobita;Phacopida;Bavarillidae;Bavarilla aff. zemmourensis;epifaunal, fast, predator (fossilworks);Lefebvre et al., 2016;;Upper Fezouata Shale;;;;;;;;;;;
213;Arthropoda;Trilobita;Phacopida;Bavarillidae;Bavarilla zemmourensis;epifaunal, fast, predator (fossilworks);Martin et al., 2016trilobite;;Lower Fezouata Shale;;;20-40 mm;;;;;;;;
214;Arthropoda;Trilobita;Phacopida;Bavarillidae;Bavarilla sp.;epifaunal, fast, predator (fossilworks);"Van Roy et al., 2015 ; Lefebvre et al., 2016";Common;Lower Fezouata Shale;;;22-41 mm;;;;;;;;
215;Arthropoda;Trilobita;Phacopida;Calymenidae;Colpocoryphe thorali;epibenthic or nektobenthic carnivore ? (fossilworks);Lefebvre et al., 2016, Martin et al., 2016trilobite;;Lower Fezouata Shale, Upper Fezouata Shale;;;;;;;;;;;
216;Arthropoda;Trilobita;Phacopida;Calymenidae;Colpocoryphe pradesensis;epibenthic or nektobenthic carnivore ? (fossilworks);Martin et al., 2016trilobite;;Lower Fezouata Shale;;;;;;;;;;;
217;Arthropoda;Trilobita;Phacopida;Calymenidae;Colpocoryphe sp.;epibenthic or nektobenthic carnivore ? (fossilworks);Van Roy et al., 2015, Martin et al., 2016trilobite;Locally common;Lower Fezouata Shale;;;50 mm         Calymenidae en général - 8-25 mm;;;;;;;;
218;;;;Calymenidae;Pharostoma sp.;nektobenthic carnivore (fossilworks);Specimen at the Yale Peabody Museum;;;;;;;;;;;;;
219;Arthropoda;Trilobita;Phacopida;Pharostomatidae;Pharostomina sp. ;epibenthic or nektobenthic carnivore ? (fossilworks);Van Roy et al., 2015;Locally common;;;;20 mm;;;;;;;;
220;Arthropoda;Trilobita;Phacopida;Calymenidae;Prionocheilus aff. languedocensis;epibenthic or nektobenthic carnivore ? (fossilworks);Lefebvre et al., 2016;;Upper Fezouata Shale;;;;;;;;;;;
221;Arthropoda;Trilobita;Corynexochida;Calymenidae;Prionocheilus sp.;nektobenthic carnivore (fossilworks);Van Roy et al., 2015, Martin et al., 2016trilobite;Locally common;Lower Fezouata Shale;;;;;;;;;;;
222;Arthropoda;Trilobita;Corynexochida;Leiostegiidae;Agerina quadrata;nektobenthic carnivore (fossilworks);Martin et al., 2016trilobite;;Lower Fezouata Shale, (Upper too ?);;;;;;;;;;;
223;Arthropoda;Trilobita;Corynexochida;Leiostegiidae;Agerina sp.;nektobenthic carnivore (fossilworks);Van Roy et al., 2015;Locally common;(Upper ?);;;;;;;;;;;
224;Arthropoda;Trilobita;Olenida;Eulomidae;Euloma sp.;epifaunal, fast, predator (fossilworks);"Van Roy et al., 2015 ; Lefebvre et al., 2016, Martin et al., 2016trilobite";Locally common;Lower Fezouata Shale, Upper Fezouata Shale;;;31-38 mm;;;;;;;;
225;;;;;Geragnostus aff. Occitanus;;;;;;;;;;;;;;;
226;Arthropoda;Trilobita;Agnostida;Agnostidae / metagnostidae ? (fossilworks);Geragnostus sp.;epibenthic, prob benthic feeder, ate algae, detritus, and microorganisms ?  Slavickova et Kraft (2001), blind ? (Turvey et Zhou, 2004), ecology hard to know because seems very varied in Agnostida (slow, detritivore, fossilworks);Van Roy et al., 2015, Martin et al., 2016trilobite;Rare;Lower Fezouata Shale;;;9 mm;;;;;;;;
227;Arthropoda;Trilobita;Ptychopariida;Olenidae;Beltella sp.;epifaunal, fast, predator (fossilworks);Lefebvre et al., 2016;;Lower Fezouata Shale;;;18 mm;;;;;;;;
228;Arthropoda;Trilobita;Asaphida;Raphiophoridae;Ampyx priscus + Ampyx cf. priscus;epibenthic, filter-feeder (fortey et owens, 1999) fast ?(fossilworks);Martin et al., 2016trilobite, Lefebvre et al., 2016;;Lower Fezouata Shale, Upper Fezouata Shale;;;10-16 mm (Yale Peabody Museum), 40-65mm;;;;;;;;
229;Arthropoda;Trilobita;Phacopida;Cheiruridae;Ceraurinella? sp.;epifaunal, fast, predator (fossilworks);Lefebvre et al., 2016;;Upper Fezouata Shale;;;;;;;;;;;
230;Arthropoda;Trilobita;Asaphida;Asaphidae;Megalaspidella sp.;;Lefebvre et al., 2016;;Upper Fezouata Shale;;;;;;;;;;;
231;Arthropoda;Trilobita;Asaphida;Asaphidae;Megistaspis (Ekeraspis) cf. filacovi;epibenthic, detritivore;Lefebvre et al., 2016, Martin et al., 2016trilobite;;Lower Fezouata Shale, Upper Fezouata Shale;;;;;;;;;;;
232;Arthropoda;Trilobita;Asaphida;Asaphidae;Megistaspis (Ekeraspis) sp. indet.;detritivore;Lefebvre et al., 2016;;Lower Fezouata Shale, Upper Fezouata Shale;;;56 mm;;;;;;;;
233;Arthropoda;Trilobita;Asaphida;Asaphidae;Megistaspis (Ekeraspis) hammondi;detritivore;Gutiérrez-Marco et al., 2017, Corbacho & Vela, 2010(?????);;Lower Fezouata Shale, Upper Fezouata Shale;;;285-340 mm;;;;;;;;
234;Arthropoda;Trilobita;Asaphida;Asaphidae;Megistaspis (Ekeraspis) hammondi forteyi;detritivore;"Corbacho & Vela, 2010 ; and an other one ?";;Upper Fezouata Shale;big eyes;;245 mm;;;;;;;;
235;Arthropoda;Trilobita;Phacopida;Calymenidae;Neseuretus cf. attenuatus;predator, fast ? Detritivore ?(fossilworks);Martin et al., 2016trilobite;;Lower Fezouata Shale;;;;;;;;;;;
236;Arthropoda;Trilobita;Phacopida;Calymenidae;Neseuretus aff. attenuatus;predator, fast ? Detritivore ?(fossilworks);Lefebvre et al., 2016, Martin et al., 2016trilobite;;Upper Fezouata Shale;;;;;;;;;;;
237;Arthropoda;Trilobita;Phacopida;Homalonotidae;Platycoryphe sp.;epibenthic;Lefebvre et al., 2016;;Upper Fezouata Shale;;;26 mm;;;;;;;;
238;Arthropoda;Trilobita;Phacopida;Calymenidae;Pradoella tazzarinensis;nektobenthic carnivore (fossilworks);Lefebvre et al., 2016;;Upper Fezouata Shale;;;150 mm;;;;;;;;
239;Arthropoda;Trilobita;Phacopida;Calymenidae;Pradoella sp.;nektobenthic carnivore (fossilworks);Martin et al., 2016trilobite;;Lower Fezouata Shale;;;;;;;;;;;
240;Arthropoda;Trilobita;Ptychopariida;Bathycheilidae (?????);Parabathycheilus gallicus;epibenthic, predator, fast (fossilworks);Martin et al., 2016trilobite;;Lower Fezouata Shale, Upper Fezouata Formation;;parathycheilus gallicus ?????;8-13-21(?) - 35 mm;;;;;;;;
241;;;Proetida;Proetidae;Proetidae?;;Specimen at Yale Peabody Museum;;;;;3 mm;;;;;;;;
242;;;Asaphida;Trinucleidae;undet. Trinucleidae;;Specimen at Yale Peabody Museum;;Lower and Upper, undifferentiated;;;7 mm;;;;;;;;
243;Arthropoda;Trilobita;Phacopida;Cheiruridae;Anacheirurus adserai;predator/scavenger ? Bc of hypostome ? (perez-peris et al, 2021);Martin et al., 2016trilobite, Perez-Peris et al, 2021 ;;Lower Fezouata Shale, Upper Fezouata Formation (?);conterminant hypsotome;the lehuas ????;40-48 mm ;;;;;;;;
244;Arthropoda;Trilobita;Harpida;Harpididae;Eoharpes sp.;epibenthic filter feeder (chamber) Fortey et owens 1999;Martin et al., 2016trilobite;;Lower Fezouata Shale;;;;;;;;;;;
245;Arthropoda;Trilobita;Asaphida;Nileidae;Nileus deynouxi;predator/scavenger (fortey et owens, 1999);Álvaro et al., 2019;;;;;11 mm;;;;;;;;
246;Arthropoda;Trilobita;Asaphida;Asaphidea;Ogyginus forteyi hammondi;epibenthic, detritivore ? Because not forked hypostome ? But butressed (gutiérrez-marco et al, 2017);"Álvaro et al., 2019 ; Corbacho et Vela, 2010";;Upper Fezouata Shale;big eyes;;392-491 mm, 135 mm Ogyginus sp. Corbacho;;;;;;;;
247;Arthropoda;Trilobita;Lichida;Lichidae;Uralichas;epifaunal, fast, predator (fossilworks);Álvaro et al., 2019;;;;;;;;;;;;;
248;;;;;Hospes sp.;;;;;;;;;;;;;;;
249;Arthropoda;Trilobita;Asaphida;Dikelokephalinidae;Dactylocephalus sp.;epifaunal, fast, predator (fossilworks);Corbacho et Vela, 2010;;;moderately big eyes;;290 mm;;;;;;;;
250;;;;;Hungioides sp.;;;;;;;;;;;;;;;
251;;;;;Ogygiocaris sp.;;;;;;;;;;;;;;;
252;;;;;Ormathops clariondi;;;;;;;29 mm;;;;;;;;
253;;;;;Niobe sp.;predator/scavenger (fortey et owens, 1999);;;;;;;;;;;;;;
254;;;;;Pterygometopus sp.;;;;;;;;;;;;;;;
255;Arthropoda;Trilobita;Asaphida;Asaphidae;Nobiliasaphus? sp.;;Corbacho et Vela, 2010;;Upper Fezouata Shale;medium eyes;;330 mm;;;;;;;;
256;;;;;Megalaspides? sp.;;;;;;;;;;;;;;;
257;;;;;Lannacus sp.;;;;;;;;;;;;;;;
258;;;;;Iberocoryphe sp.;;;;;;;;;;;;;;;
259;;Trilobita;Asaphida;Asaphidae;cf. Niobella sp.;epifaunal, fast, predator (fossilworks);;;;;niobe ??;15 mm;;;;;;;;
260;Echinodermata;Somasteroidea (sub-phylum Asterozoa);-;;Somasteroid indet. n. sp. 1;epibenthic, suspension feeder;Van Roy et al., 2015, Lefebvre et al., 2016echino;Locally common;Lower Fezouata Shale;;;;;;;;;;;
261;Echinodermata;Somasteroidea (sub-phylum Asterozoa);;;Somasteroid indet. n. sp. 2;suspension-feeder;Lefebvre et al., 2016echino;;;;;;;Au moins une espèce d'Asterozoa? de plus de 60 mm (Yale Peabody Museum);;;;;;
262;Echinodermata;Somasteroidea (sub-phylum Asterozoa);;;Somasteroid indet. n. sp. 3;suspension-feeder;Lefevre et al., 2016echino;;;;;undet. Asterozoa - 12-25 mm;;;;;;;;
263;Echinodermata;Somasteroidea (sub-phylum Asterozoa);;;Somasteroid indet.;suspension-feeder;Lefebvre et al., 2016echino;;;;;;;;;;;;;
264;Echinodermata;Asterozoa;;;undet. Asteroidea;;Specimen at YPM (?);;;même chose qu'en haut ??????? Somasteroida ????;;12 mm;;;;;;;;
265;Echinodermata;Asterozoa;;;undet. Stelleroidea;;Specimens at YPM;;Lower and Upper, indifferenciated;;;~28-36-42 mm;;;;;;;;
266;Echinodermata;Somasteroidea (sub-phylum Asterozoa);-;;Cantabrigiaster fezouatenses;filter feeder ?, epibenthic;Hunter and Ortega-Hernández, 2021;;Lower Fezouata Formation;;;~40-60 mm;;;;;;;;
267;Echinodermata;Diploporita;-;-;Palaeosphaeronites sp.;epibenthic;Van Roy et al., 2015;;;;;;;;;;;;;
268;Echinodermata;Diploporita;-;-;Palaeosphaeronites? prokopi;;Lefebvre et al., 2016;;Lower Fezouata Shale;;;;;;;;;;;
269;Echinodermata;Diploporita;-;-;Aristocystites cf. bohemicus (sinuous?);;Lefebvre et al., 2016b, Lefebvre et al., 2016echino;;;;;;;;;;;;;
270;Echinodermata;Diploporita;-;-;Aristocystites sp.;stationary, intermediate-level epifaunal suspension feeder (fossilworks);Van Roy et al., 2015;;Lower Fezouata Shale;;;;;;;;;;;
271;Echinodermata;Eocrinoidea;;;Ascocystites? sp.;;Specimen in the Yale Peabody Museum;;;;;30 mm;;;;;;;;
272;Echinodermata;Eocrinoidea;;;Balantiocystis regnelli;filter feeder;Lefebvre et al., 2016;;Lower Fezouata Shale, Upper Fezouata Shale;;;;;;;;;;;
273;Echinodermata;Eocrinoidea;;;Balantiocystis sp.;filter feeder;Van Roy et al., 2015;;;;;;;;;;;;;
274;Echinodermata;Eocrinoidea;;;Rhopalocystis sp.;epibenthic, filter feeder;Van Roy et al., 2015;;Lower Fezouata Shale;;;;;;;;;;;
275;Echinodermata;Eocrinoidea;;synonym ?;Rhopalocystis dehirensis;filter feeder;Lefebvre et al., 2016;;Lower Fezouata Shale;;;;;;;;;;;
276;Echinodermata;Eocrinoidea;;;Rhopalocystis destombesi;filter feeder;Lefebvre et al., 2016;;Lower Fezouata Shale;;;;;;;;;;;
277;Echinodermata;Eocrinoidea;;;Rhopalocystis fraga;filter feeder;Lefebvre et al., 2016;;Lower Fezouata Shale;;;;;;;;;;;
278;Echinodermata;Eocrinoidea;;;Rhopalocystis grandis;filter feeder;Lefebvre et al., 2016;;Lower Fezouata Shale;;;;;;;;;;;
279;Echinodermata;Eocrinoidea;;;Rhopalocystis havliceki;filter feeder;Lefebvre et al., 2016;;Lower Fezouata Shale;;;;;;;;;;;
280;Echinodermata;Eocrinoidea;;synonym ?;Rhopalocystis lehmani;filter feeder;Lefebvre et al., 2016;;Lower Fezouata Shale;;;;;;;;;;;
281;Echinodermata;Eocrinoidea;;;Rhopalocystis zagoraensis;filter feeder;Lefebvre et al., 2016;;Lower Fezouata Shale;;;;;;;;;;;
282;Echinodermata;Eocrinoidea;;;Rhopalocystis sp. A;filter feeder;Lefebvre et al., 2016;;Lower Fezouata Shale;;;;;;;;;;;
283;Echinodermata;Eocrinoidea;;;Rhopalocystis sp. B;filter feeder;Lefebvre et al., 2016;;Lower Fezouata Shale;;;;;;;;;;;
284;Echinodermata;Eocrinoidea;;;Rhopalocystis sp. C;filter feeder;Lefebvre et al., 2016;;Lower Fezouata Shale;;;;;;;;;;;
285;Echinodermata;Eocrinoidea;;;cf. Rhopalocystis;filter feeder;Lefebvre et al., 2016b;;;;;;;;;;;;;
286;Echinodermata;Eocrinoidea;;;Lingulocystis aff. deani;epibenthic, filter feeder;Lefebvre et al., 2016b;;Upper Fezouata Formation (?);;;;;;;;;;;
287;Echinodermata;Eocrinoidea;;;Lingulocystis elongata;filter feeder;Lefebvre et al., 2016b;;Upper Fezouata Formation (?);;;;;;;;;;;
288;Echinodermata;Eocrinoidea;;;cf. Pareocrinus;epibenthic, filter feeder;Lefebvre et al., 2016b;;;;;;;;;;;;;
289;Echinodermata;Eocrinoidea;;;Eocrinoidea indet. sp. 1;epibenthic, filter feeder;Lefebvre et al., 2016b;;Lower Fezouata Shale, Upper Fezouata Shale;;;;;;;;;;;
290;Echinodermata;Eocrinoidea;;;Eocrinoidea indet. sp. 2;epibenthic, filter feeder;Lefebvre et al., 2016b;;;;;;;;;;;;;
291;Echinodermata;Eocrinoidea;;;Eocrinoidea indet.;epibenthic, filter feeder;Lefebvre et al., 2016b;;;;;;;;;;;;;
292;Echinodermata;Crinoidea;;;Ramseyocrinus sp.;Filter/suspension feeder ? (Crinoidea);"Van Roy et al., 2015 ; Lefebvre et al., 2016";Rare;Upper Fezouata Shale;;;;;;;;;;;
293;Echinodermata;Crinoidea;;;Crinoid 2;Filter/suspension feeder ? (Crinoidea);Van Roy et al., 2015;Rare;;;;head - 8 mm (random crinoid YPM);;;;;;;;
294;Echinodermata;Crinoidea;;;Aethocrinus cf. moorei;suspension feeder;Lefebvre et al., 2016b;;Lower Fezouata Shale;;;head - 30 mm;;;;;;;;
295;Echinodermata;Crinoidea;;;Iocrinus n. sp.;Filter/suspension feeder ? (Crinoidea);Lefebvre et al., 2016b;;Upper Fezouata Shale;;;;;;;;;;;
296;Echinodermata;Cystoidea;;;Cystoidea? / undet. Cystoidea;;specimen at Yale Peabody Mueseum, identification by Jessica Utrup, 2013;;;;;10-17 mm;;;;;;;;
297;Echinodermata;Edrioasteroidea;;;Argodiscus espilezorum;passive filter feeder (livre cincinnati);"Van Roy et al., 2015 ; Sumrall et Zamora, 2011";Locally common;Upper Fezouata Shale;identified before as Hemicystites? Boehmi by Chauvel, 1978;;;;;;;;;;
298;Echinodermata;Edrioasteroidea;;;Anedriophus moroccoensis;passive filter feeder (livre cincinnati);Van Roy et al., 2015;Locally common;Upper Fezouata Formation;identified before as Hemicystites? Boehmi by Chauvel, 1978;;;;;;;;;;
299;Echinodermata;Edrioasteroidea;;Rhenopyrgidae;Rhenopyrgid indet.;passive filter feeder (livre cincinnati);"Van Roy et al., 2015 ; Lefebvre et al., 2016b";Rare;;;;;;;;;;;;
300;Echinodermata;Stylophora;;;Ampelocarpus sp.;epibenthic;Lefebvre et al., 2016b;;;;;;;;;;;;;
301;Echinodermata;Stylophora;;;Amygdalotheca griffei;epibenthic;Lefebvre et al., 2016b;;;;;;;;;;;;;
302;Echinodermata;Stylophora;Mitrata;;Anatifopsis escandei;epibenthic, suspension feeder;Lefebvre et al., 2016;;Upper Fezouata Shale;;;;;;;;;;;
303;Echinodermata;Stylophora;Mitrata;;Anatifopsis trapeziiformis;suspension feeder;Lefebvre et al., 2016b;;Lower Fezouata Shale;;;;;;;;;;;
304;Echinodermata;Stylophora;Mitrata;;Anatifopsis sp.;suspension feeder;Van Roy et al., 2015;;;;;;;;;;;;;
305;Echinodermata;Stylophora;;;Anomalocystid n. gen., n. sp. ;;Lefebvre et al., 2016b;;;;;;;;;;;;;
306;Echinodermata;Stylophora;;;Aspidocarpus sp.;epibenthic;Lefebvre et al., 2016b;;;;;;;;;;;;;
307;Echinodermata, Homalozoa;Stylophora;Cornuta;;Arauricystis? sp.;;specimen at Yale Peabody Mueseum, identification by Jessica Utrup, 2016;;;;;10 mm;;;;;;;;
308;Echinodermata;Stylophora;;;Balanocystites primus;epibenthic, suspension feeder;Lefebvre et al., 2016b;;;;;;;;;;;;;
309;Echinodermata;Stylophora;;;Bohemiaecystis;epibenthic;Álvaro et al., 2019;;;;;;;;;;;;;
310;Echinodermata;Stylophora;Cornuta;;Chauvelicystis ubaghsi;suspension-feeder;Lefebvre et al., 2016;;Upper Fezouata Shale;;;;;;;;;;;
311;Echinodermata;Stylophora;;;Chauvelicystis spinosa;suspension-feeder;Lefebvre et al., 2016b;;;;Chauvalicystis;;;;;;;;;
312;Echinodermata;Stylophora;;;Chauvelicystis vizcainoi;suspension-feeder;Lefebvre et al., 2016b;;;;;;;;;;;;;
313;Echinodermata;Stylophora;;;Chauvelicystis sp.;epibenthic, suspension feeder;Van Roy et al., 2015;;;;;5-20 mm;;;;;;;;
314;Echinodermata;Stylophora;;;Chauvelicystid n. gen., n. sp. 1;epibenthic, suspension feeder;Lefebvre et al., 2016b;;;;;;;;;;;;;
315;Echinodermata;Stylophora;;;Chauvelicystid n. gen., n. sp. 2;epibenthic, suspension feeder;Lefebvre et al., 2016b;;;;;;;;;;;;;
316;Echinodermata;Stylophora;;;Chinianocarpos sp.;;Lefebvre et al., 2016b;;;;;;;;;;;;;
317;Echinodermata;Stylophora;;;Cornuta n. gen. 1, n. sp.;epibenthic;Lefebvre et al., 2016b;;;;;;;;;;;;;
318;Echinodermata;Stylophora;;;Cornuta n. gen. 2, n. sp.;epibenthic;Lefebvre et al., 2016b;;;;;;;;;;;;;
319;Echinodermata;Stylophora;;;Flabellicarpus rushtoni;epibenthic;Lefebvre et al., 2016b;;;;;;;;;;;;;
320;;;;;Flabellicarpus?;;Specimen at Yale Peabody Museum;;;;;12-20 mm;;;;;;;;
321;Echinodermata;Stylophora;Cornuta;;Galliaecystis n. sp.;epibenthic;Lefebvre et al., 2016b;;;;;;;;;;;;;
322;Echinodermata;Stylophora;Cornuta;;Galliaecystis ubaghsi;;Lefebvre et al., 2016b;;;;;;;;;;;;;
323;Echinodermata;Stylophora;Cornuta;;Hanusia n. sp.;epibenthic, suspension feeder;Lefebvre et al., 2016b;;;;;;;;;;;;;
324;Echinodermata;Stylophora;;;Lagynocystis pyramidalis;epibenthic;Lefebvre et al., 2016b;;;;;;;;;;;;;
325;;;Mitrata, Lagynocystida;;Kirkocystidae?;;Specimen at Yale Peabody Museum;;;;;6-7 mm;;;;;;;;
326;Echinodermata;Stylophora;;;Lyricocarpus courtessolei;epibenthic;Lefebvre et al., 2016b;;;;;;;;;;;;;
327;Echinodermata;Stylophora;;;Milonicystis sp.;;Lefebvre et al., 2016b;;;;;;;;;;;;;
328;Echinodermata;Stylophora;Mitrata;;Mitrocystitid indet. cf. Ovocarpus;;Lefebvre et al., 2016b;;;;;;;;;;;;;
329;Echinodermata;Stylophora;;;Nanocarpus cf. dolambii;epibenthic;Lefebvre et al., 2016b;;;;;;;;;;;;;
330;Echinodermata;Stylophora;Cornuta;Cothurnocystidae;Phyllocystis blayaci;epibenthic;Lefebvre et al., 2016b;;;;;;;;;;;;;
331;Echinodermata;Stylophora;Cornuta;Cothurnocystidae;Phyllocystis sp.;;Van Roy et al., 2015;;;;;10-26 mm;;;;;;;;
332;Echinodermata;Stylophora;;;Procothurnocystis n. sp.;epibenthic;Lefebvre et al., 2016b;;;;;;;;;;;;;
333;Echinodermata;Stylophora;;;Prokopicystis sp.;epibenthic;Lefebvre et al., 2016b;;;;;;;;;;;;;
334;Echinodermata;Stylophora;Cornuta;;Thoralicystis zagoraensis;suspension-feeder;Lefebvre et al., 2016;;Upper Fezouata Shale;;;;;;;;;;;
335;Echinodermata;Stylophora;Cornuta;;Thoralicystis n. sp.;suspension-feeder;"Van Roy et al., 2015 ; Lefebvre et al., 2016b";Common - locally abundant;;;;11-15 mm;;;;;;;;
336;Echinodermata;Stylophora;Mitrata;;Vizcainocarpus sp.;epibenthic;Lefebvre et al., 2016b;;;;;;;;;;;;;
337;Echinodermata;Stylophora;Cornuta;;Cothurnocystid indetl. / Cothurnocystis sp.;;Van Roy et al., 2015, Yale Peabody Museum;Common - locally abundant;;;;10-20-30 mm;;;;;;;;
338;Echinodermata;Stylophora;Cornuta ;;Hanusiid indet.;;Van Roy et al., 2015;;;;;;;;;;;;;
339;Echinodermata;Stylophora;Mitrata;;Peltocystis cornuta;epibenthic;Lefebvre et Botting, 2007, Van Roy et al., 2015, Lefebvre et al., 2016echino;Common - locally abundant;Lower Fezouata Shale, Upper Fezouata Shale;;;6-9 mm (Peltocystis? sp. - 17 mm avec bras);;;;;;;;
340;;;Cornuta;Scotiaecystidae;Scotiaevystis? sp.;;Specimen at Yale Peabody Museum;;;;;9-12 mm;;;;;;;;
341;Echinodermata;Rhombifera;;Glyptocystitids;Macrocystella sp.;suspension feeder (livre cincinnati);Van Roy et al., 2015;;Lower Fezouata Shale, Upper Fezouata Shale;;;;;;;;;;;
342;Echinodermata;Rhombifera;;Glyptocystitids;Macrocystella bohemica;suspension feeder (livre cincinnati);Lefebvre et al., 2016;;Lower Fezouata Shale, Upper Fezouata Shale;;;;;undet. Rhombifera YPM - <20mm, 25 mm????;;;;;;
343;Echinodermata;Rhombifera;;Glyptocystitids;Macrocystella cf. mariae;suspension feeder (livre cincinnati);Lefebvre et al., 2016;;Lower Fezouata Shale, Upper Fezouata Shale;;;;;;;;;;;
344;Echinodermata;Rhombifera;;Glyptocystitids;Macrocystella tasseftensis;suspension feeder (livre cincinnati);Lefebvre et al., 2016;;Lower Fezouata Shale, Upper Fezouata Shale;;;;;;;;;;;
345;Echinodermata;Soluta;;;cf. Castericystis;;Lefebvre et al., 2016b;;;;;;;;;;;;;
346;Echinodermata;Soluta;;;cf. Minervaecystis;epibenthic;Lefebvre et al., 2016b;;;;;;;;;;;;;
347;Echinodermata;Soluta;;;Plasiacystis mobilis;epibenthic;Lefebvre et al., 2016b;;Upper Fezouata Formation;;;;;;;;;;;
348;Echinodermata;Soluta;;;Plasiacystis sp.;;Van Roy et al., 2015;;Upper Fezouata Formation;;;30-65 mm;;;;;;;;
349;Echinodermata;Ophiuroidea;;;undet. Ophiuroidea;;Specimen at YPM;;;;;<20mm ???;;;;;;;;
350;Graptolites/Hemichordata;Pterobranchia;;;Clonograptus rigidus;Filter/suspension feeder ? (Graptolite);"Van Roy et al., 2015 ; Lefebvre et al., 2016, Gutiérrez-Marco and Martin, 2016";;Upper Fezouata Shale;;;40 mm (but Clonograptus?, species unknown, Yale Peabody Museum);;;;;;;;
351;Graptolites;Pterobranchia;;;Clonograptus flexibilis;Filter/suspension feeder ? (Graptolite);Lefebvre et al., 2016;;Lower Fezouata Shale;;;;;;;;;;;
352;Graptolites;Pterobranchia;;;Clonograptus tenellus;Filter/suspension feeder ? (Graptolite);Lefebvre et al., 2016;;Lower Fezouata Shale;;;;;;;;;;;
353;Graptolites;Pterobranchia;;;Clonograptus flexilis;Filter/suspension feeder ? (Graptolite);Lefebvre et al., 2016;;Upper Fezouata Shale;;;;;;;;;;;
354;Graptolites;Pterobranchia;;;Clonograptus persistens;Filter/suspension feeder ? (Graptolite);Lefebvre et al., 2016;;Upper Fezouata Shale;;;;;;;;;;;
355;Graptolites;Pterobranchia;;;Clonograptus multiplex;Filter/suspension feeder ? (Graptolite);Gutiérrez-Marco and Martin, 2016;;;;;;;;;;;;;
356;Graptolites;Pterobranchia;Graptoloidea;;Didymograptus cf. arcuatus;Filter/suspension feeder ? (Graptolite);Lefebvre et al., 2016;;Upper Fezouata Shale;;;;;;;;;;;
357;Graptolites;Pterobranchia;Graptoloidea;;Didymograptus deflexus;Filter/suspension feeder ? (Graptolite);Lefebvre et al., 2016;;Upper Fezouata Shale;;;;;;;;;;;
358;Graptolites;Pterobranchia;Graptoloidea;;Didymograptus extensus;Filter/suspension feeder ? (Graptolite);Lefebvre et al., 2016;;Upper Fezouata Shale;;;;;;;;;;;
359;Graptolites;Pterobranchia;Graptoloidea;;Didymograptus v-fractus;Filter/suspension feeder ? (Graptolite);Lefebvre et al., 2016;;Upper Fezouata Shale;;;;;;;;;;;
360;Graptolites;Pterobranchia;Graptoloidea;;Didymograptus intendus;Filter/suspension feeder ? (Graptolite);Lefebvre et al., 2016;;Upper Fezouata Shale;;;;;;;;;;;
361;Graptolites;Pterobranchia;Graptoloidea;;Didymograptus pennatulus;Filter/suspension feeder ? (Graptolite);Lefebvre et al., 2016;;Upper Fezouata Shale;;;;;;;;;;;
362;Graptolites;Pterobranchia;Graptoloidea;;Didymograptus nanus;Filter/suspension feeder ? (Graptolite);Lefebvre et al., 2016;;Upper Fezouata Shale;;;;;;;;;;;
363;Graptolites;Pterobranchia;Graptoloidea;;Didymograptus nitidus;Filter/suspension feeder ? (Graptolite);Lefebvre et al., 2016;;Upper Fezouata Shale;;;;;;;;;;;
364;Graptolites;Pterobranchia;Graptoloidea;;Didymograptus patulus;Filter/suspension feeder ? (Graptolite);Lefebvre et al., 2016;;Upper Fezouata Shale;;;;;;;;;;;
365;Graptolites;Pterobranchia;Graptoloidea;;Didymograptus sparsus;Filter/suspension feeder ? (Graptolite);Lefebvre et al., 2016;;Upper Fezouata Shale;;;;;;;;;;;
366;Graptolites;Pterobranchia;Graptoloidea;;"""Didymograptus sp. 1""";Filter/suspension feeder ? (Graptolite);Gutiérrez-Marco and Martin, 2016;;;;;;;;;;;;;
367;Graptolites;Pterobranchia;Graptoloidea;;Didymograptus sp.;Filter/suspension feeder ? (Graptolite);Van Roy et al., 2015;;;;;;;;;;;;;
368;Graptolites;Pterobranchia;Graptoloidea;;Didymograptid indet.;Filter/suspension feeder ? (Graptolite);Martin thèse;;Lower Fezouata Shale;;;;;;;;;;;
369;Graptolites;Pterobranchia;;;Dichograptidae?;;specimen at Yale Peabody Museum;;;;~35-60 mm;;;;;;;;;
370;Graptolites;Pterobranchia;;;Hunnegraptus copiosus;Filter/suspension feeder ? (Graptolite);Van Roy et al., 2015, Gutiérrez-Marco and Martin, 2016;;;;;;;;;;;;;
371;Graptolites;Pterobranchia;;; 'Kiaerograptus' supremus;Filter/suspension feeder ? (Graptolite);Van Roy et al., 2015, Gutiérrez-Marco and Martin, 2016;;;;;;;;;;;;;
372;Graptolites;Pterobranchia;;;Koremagraptus sp.;Filter/suspension feeder ? (Graptolite);Van Roy et al., 2015;;;;;;;;;;;;;
373;Graptolites;Pterobranchia;;;Paradelograptus norvegicus;Filter/suspension feeder ? (Graptolite);Van Roy et al., 2015, Gutiérrez-Marco and Martin, 2016;Common - locally abundant;;;;;;;;;;;;
374;Graptolites;Pterobranchia;;;Paradelograptus tenuis;Filter/suspension feeder ? (Graptolite);Van Roy et al., 2015, Gutiérrez-Marco and Martin, 2016;;;;;;;;;;;;;
375;Graptolites;Pterobranchia;;;Paratemnograptus magnificus;Filter/suspension feeder ? (Graptolite);Van Roy et al., 2015, Gutiérrez-Marco and Martin, 2016;;Lower Fezouata Shale;;;;;;;;;;;
376;Graptolites;Pterobranchia;;;Tetragraptus cf. approximatus;Filter/suspension feeder ? (Graptolite);Lefebvre et al., 2016;;Upper Fezouata Shale;;;;;;;;;;;
377;Graptolites;Pterobranchia;;;Tetragraptus quadribrachiatus;Filter/suspension feeder ? (Graptolite);Lefebvre et al., 2016;;Upper Fezouata Shale;;;;;;;;;;;
378;Graptolites;Pterobranchia;;;Tetragraptus reclinatus;Filter/suspension feeder ? (Graptolite);Lefebvre et al., 2016;;Upper Fezouata Shale;;;;;;;;;;;
379;Graptolites;Pterobranchia;;;Tetragraptus serra;Filter/suspension feeder ? (Graptolite);Lefebvre et al., 2016;;Upper Fezouata Shale;;;;;;;;;;;
380;Graptolites;Pterobranchia;;;Tetragraptus tornquisti;Filter/suspension feeder ? (Graptolite);Lefebvre et al., 2016;;Upper Fezouata Shale;;;;;;;;;;;
381;Graptolites;Pterobranchia;;; 'Tetragraptus' bulmani;Filter/suspension feeder ? (Graptolite);Van Roy et al., 2015, Gutiérrez-Marco and Martin, 2016;;Lower Fezouata Shale;;;;;;;;;;;
382;Graptolites;Pterobranchia;;;Tetragraptus sp.;Filter/suspension feeder ? (Graptolite);Gutiérrez-Marco and Martin, 2016;;;can be 3-stiped or reclined;;;;;;;;;;
383;Graptolites;Pterobranchia;;;Araneograptus murrayi;Filter/suspension feeder ? (Graptolite);"Van Roy et al., 2015 ; Lefebvre et al., 2016, Gutiérrez-Marco and Martin, 2016";Common - locally abundant;Upper Fezouata Shale;;;au moins 7cm large, 10cm long;;;;;;;;
384;Graptolites;Pterobranchia;;Dendrograptidae;Dictyonema sp.;Filter/suspension feeder ? (Graptolite);Van Roy et al., 2015;;;;;30 mm;;;;;;;;
385;Graptolites;Pterobranchia;;;Tuboid;Filter/suspension feeder ? (Graptolite);Van Roy et al., 2015;Rare;;;;;;;;;;;;
386;Graptolites;Pterobranchia;;;Anisograptus cf. matanensis;Filter/suspension feeder ? (Graptolite);Lefebvre et al., 2016;;Lower Fezouata Shale;;;;;;;;;;;
387;Graptolites;Pterobranchia;;;Bryograptus divergens;Filter/suspension feeder ? (Graptolite);Lefebvre et al., 2016;;Lower Fezouata Shale;;;;;;;;;;;
388;Graptolites;Pterobranchia;;;Bryograptus kjerulfi cumbrensis;Filter/suspension feeder ? (Graptolite);Lefebvre et al., 2016;;Lower Fezouata Shale;;;;;;;;;;;
389;Graptolites;Pterobranchia;;;Bryograptus lapworthi;Filter/suspension feeder ? (Graptolite);Lefebvre et al., 2016;;Lower Fezouata Shale;;;;;;;;;;;
390;Graptolites;Pterobranchia;;;Rhabdinopora flabelliforme cf. anglica;Filter/suspension feeder ? (Graptolite);Lefebvre et al., 2016, Gutiérrez-Marco and Martin, 2016;;Lower Fezouata Shale;;;;;;;;;;;
391;Graptolites;Pterobranchia;;;Rhabdinopora flabelliforme flabelliforme (flabelliformis flabelliformis ?);Filter/suspension feeder ? (Graptolite);Lefebvre et al., 2016, Gutiérrez-Marco and Martin, 2016;;Lower Fezouata Shale;;;;;;;;;;;
392;Graptolites;Pterobranchia;;;Rhabdinopora flabelliforme multithecatum;Filter/suspension feeder ? (Graptolite);Lefebvre et al., 2016;;Lower Fezouata Shale;;;;;;;;;;;
393;Graptolites;Pterobranchia;;;Rhabdinopora flabelliformis socialis;Filter/suspension feeder ? (Graptolite);Gutiérrez-Marco and Martin, 2016;;;;;;;;;;;;;
394;Graptolites;Pterobranchia;;;Rhabdinopora flabelliformis canadenisis;Filter/suspension feeder ? (Graptolite);Gutiérrez-Marco and Martin, 2016;;;;;;;;;;;;;
395;Graptolites;Pterobranchia;;;Rhabdinopora flabelliforme norvegicum;Filter/suspension feeder ? (Graptolite);Lefebvre et al., 2016;;Lower Fezouata Shale;;;;;;;;;;;
396;Graptolites;Pterobranchia;;;Acrograptus nicholsoni;Filter/suspension feeder ? (Graptolite);Lefebvre et al., 2016;;Upper Fezouata Shale;;;;;;;;;;;
397;Graptolites;Pterobranchia;;;Adelograptus sp.;Filter/suspension feeder ? (Graptolite);Lefebvre et al., 2016;;Upper Fezouata Shale;;;;;;;;;;;
398;Graptolites;Pterobranchia;;;Azygograptus eivionicus;Filter/suspension feeder ? (Graptolite);Gutiérrez-Marco and Martin, 2016;;;;;;;;;;;;;
399;Graptolites;Pterobranchia;;;Azygograptus sp.;Filter/suspension feeder ? (Graptolite);Lefebvre et al., 2016;;Upper Fezouata Shale;;;;;;;;;;;
400;Graptolites;Pterobranchia;;;Etagraptus putillus;Filter/suspension feeder ? (Graptolite);Lefebvre et al., 2016;;Upper Fezouata Shale;;;;;;;;;;;
401;Graptolites;Pterobranchia;;;Hermannograptus sp.;Filter/suspension feeder ? (Graptolite);Lefebvre et al., 2016;;Upper Fezouata Shale;;;;;;;;;;;
402;Graptolites;Pterobranchia;;;Isograptus caduceus arcuatus;Filter/suspension feeder ? (Graptolite);Lefebvre et al., 2016;;Upper Fezouata Shale;;;;;;;;;;;
403;Graptolites;Pterobranchia;;;Isograptus caduceus gracilis;Filter/suspension feeder ? (Graptolite);Lefebvre et al., 2016;;Upper Fezouata Shale;;;;;;;;;;;
404;Graptolites;Pterobranchia;;;Isograptus furcula;Filter/suspension feeder ? (Graptolite);Lefebvre et al., 2016;;Upper Fezouata Shale;;;;;;;;;;;
405;Graptolites;Pterobranchia;;;Pterograptus sp.;Filter/suspension feeder ? (Graptolite);Lefebvre et al., 2016;;Upper Fezouata Shale;;;;;;;;;;;
406;Graptolites;Pterobranchia;;;Schizograptus sp.;Filter/suspension feeder ? (Graptolite);Lefebvre et al., 2016, Gutiérrez-Marco and Martin, 2016;;Upper Fezouata Shale;;?Schizograptus sp.;;;;;;;;;
407;Graptolites;Pterobranchia;;;Temnograptus multiflex;Filter/suspension feeder ? (Graptolite);Lefebvre et al., 2016;;Upper Fezouata Shale;;;;;;;;;;;
408;Graptolites;Pterobranchia;;;Temnograptus cf. noveboracensis;Filter/suspension feeder ? (Graptolite);Lefebvre et al., 2016;;Upper Fezouata Shale;;;;;;;;;;;
409;Graptolites;Pterobranchia;;;Temnograptus ramulus;Filter/suspension feeder ? (Graptolite);Lefebvre et al., 2016;;Upper Fezouata Shale;;;;;;;;;;;
410;Graptolites;Pterobranchia;;;"""Adelograptus"" tenellus";Filter/suspension feeder ? (Graptolite);Gutiérrez-Marco and Martin, 2016;;;;;;;;;;;;;
411;Graptolites;Pterobranchia;;;Choristograptus louai;Filter/suspension feeder ? (Graptolite);Gutiérrez-Marco and Martin, 2016;;;;;;;;;;;;;
412;Graptolites;Pterobranchia;;;Ancoragraptus bulmani;Filter/suspension feeder ? (Graptolite);Gutiérrez-Marco and Martin, 2016;;;;;;;;;;;;;
413;Graptolites;Pterobranchia;;;?Cymatograptus protobalticus;Filter/suspension feeder ? (Graptolite);Gutiérrez-Marco and Martin, 2016;;;;;;;;;;;;;
414;Graptolites;Pterobranchia;;;?Baltograptus jacksoni;Filter/suspension feeder ? (Graptolite);Gutiérrez-Marco and Martin, 2016;;;;;;;;;;;;;
415;Graptolites;Pterobranchia;;;Baltograptus minutus;Filter/suspension feeder ? (Graptolite);Gutiérrez-Marco and Martin, 2016;;;;;;;;;;;;;
416;Graptolites;Pterobranchia;;;Baltograptus deflexus;Filter/suspension feeder ? (Graptolite);Gutiérrez-Marco and Martin, 2016;;;;;;;;;;;;;
417;Graptolites;Pterobranchia;;;?Baltograptus kurcki;Filter/suspension feeder ? (Graptolite);Gutiérrez-Marco and Martin, 2016;;;;;;;;;;;;;
418;Graptolites;Pterobranchia;;;Expansograptus sp.;Filter/suspension feeder ? (Graptolite);Gutiérrez-Marco and Martin, 2016;;;;;;;;;;;;;
419;Graptolites;Pterobranchia;;;Webbyites felix;;Muir et Gutiérrez-Marco, 2023;Prob. late Tremadocian age;;;Plumalina-like form (Van Roy, 2015);;;;;;;;;
420;Mollusca (à bouger de place);Hyolitha;;;Cavernolites senex;filter/suspension feeder, maybe deposit ? (p. 94 - https://books.google.ca/books?hl=fr&lr=&id=j4eCj1J8k0IC&oi=fnd&pg=PA81&dq=naraoiid+feeding&ots=w1LQ1SS8Yw&sig=p_e6JZWqfGax1d5TImdjj0f44Po&redir_esc=y#v=onepage&q=naraoiid%20feeding&f=false);Lefebvre et al., 2016;;Upper Fezouata Formation;;;;;;;;;;;
421;Hyolitha;Hyolitha;;;Elegantilites sp.;filter/suspension feeder, maybe deposit ?;Lefebvre et al., 2016;;Upper Fezouata Formation;;;;;;;;;;;
422;Hyolitha;Hyolitha;;;Gamalites? sp.;filter/suspension feeder, maybe deposit ?;Lefebvre et al., 2016;;Upper Fezouata Formation;;;;;;;;;;;
423;Hyolitha;Hyolitha;;;Gompholites sp.;filter/suspension feeder, maybe deposit ?;Lefebvre et al., 2016;;Upper Fezouata Formation;;;;;;;;;;;
424;Hyolitha;Hyolitha;;;Nephrotheca sp.;filter/suspension feeder, maybe deposit ?;Lefebvre et al., 2016;;Upper Fezouata Formation;;;;;;undet. Hyolithida - ~10mm-30mm (L+U)-63mm (U);;;;;
425;Hyolitha;Hyolitha;;;Hyolithes sp.;filter/suspension feeder, maybe deposit ?;Valent et al., 2013;;Upper Fezouata Formation;;;;;;;;;;;
426;Hyolitha;Hyolitha;Hyolithida;Pauxillitidae;Pauxillites thaddei;suspension feeder;Valent et Corbacho, 2015;rare;Upper Fezouata Formation;;;;;;;;;;;
427;Hyolitha;Hyolitha;Hyolithida;Pauxillitidae;Pauxillites sp.;filter/suspension feeder, maybe deposit ?;Lefebvre et al., 2016, Valent et al., 2013;;Upper Fezouata Formation;;Paulilites ?;20x35mm to 25x45mm;;;;;;;;
428;Chordata;;;;Dermal plates;;Van Roy et al., 2015;Rare;;Earliest occurrence;;;;;;;;;;
429;Chordata;;;Conodonts;Various conodonts;;Van Roy et al., 2015;;;Microfossils;;;;;;;;;;
430;Chordata;;;Conodonts;Drepanoistodus? cf. pervetus;;Lefebvre et al., 2016;;Lower Fezouata Shale;;;;;;;;;;;
431;Chordata;;;Conodonts;Acodus deltatus;;Álvaro et al., 2019;;;;;;;;;;;;;
432;Chordata;;;Conodonts;Cornuodus;;Álvaro et al., 2019;;;;;;;;;;;;;
433;Chordata;;;Conodonts;Drepanodus;;Álvaro et al., 2019;;;;;;;;;;;;;
434;Chordata;;;Conodonts;Paltodus;;Álvaro et al., 2019;;;;;;;;;;;;;
435;Chordata;;;Conodonts;Parapaltodus aff. flexuosus;;Álvaro et al., 2019, Lehnert et al., 2016 ?;;;;;;;;;;;;;
436;Chordata;;;Conodonts;Paroistodus;nektobenthic carnivore (fossilworks);Álvaro et al., 2019;;;;;;;;;;;;;
437;Chordata;;;Conodonts;Periodon cf. selenopsis;;Álvaro et al., 2019;;;;;;;;;;;;;
438;Chordata;;;Conodonts;Prioniodus;;Álvaro et al., 2019;;;;;;;;;;;;;
439;Chordata;;;Conodonts;Scalpellodus;nektobenthic carnivore (fossilworks);Álvaro et al., 2019;;;;;;;;;;;;;
440;Chordata;;;Conodonts;Scolopodus;;Álvaro et al., 2019;;;;;;;;;;;;;
441;Chordata;;;Conodonts;Semiacontiodus;;Álvaro et al., 2019;;;;;;;;;;;;;
442;Chordata;;;Conodonts;Stolodus;;Álvaro et al., 2019;;;;;;;;;;;;;
443;Chordata;;;Conodonts;Tripodus;;Álvaro et al., 2019;;;;;;;;;;;;;
444;Chordata;;;Conodonts;Tropodus;;Álvaro et al., 2019;;;;;;;;;;;;;
445;Problematica;;;;Stalked flower-like organism;;Van Roy et al., 2015;Rare;;;;;;;;;;;;
446;Problematica;;;;Stalked organism;;Van Roy et al., 2015;Rare;;;;;;;;;;;;
447;Problematica;;;;Net-like organism;;Van Roy et al., 2015;Rare;;;;;;;;;;;;
448;Problematica;;;;Possible chanceloriid/Chancelloriidae?;;Van Roy et al., 2015;Rare;;Porifera ? (Yale Peabody Museum);;au moins ~70-80mm;;;;;;;;
449;Problematica;;;;Scleritome-bearing organism;;Van Roy et al., 2015;Rare;;Partially articulated scleritomes;;;;;;;;;;
450;;;;;undet. Volborthellida;;Specimen at YPM;;;;;12 mm;;;;;;;;
451;Acritarchs;;;;Acanthodiacrodium cf. achrasi;;Lefebvre et al., 2016;;Lower Fezouata Shale;;;;;;;;;;;
452;;;;;Acanthodiacrodium comptulum;;Lefebvre et al., 2016;;Lower Fezouata Shale;;;;;;;;;;;
453;;;;;Acanthodiacrodium divisa;;Lefebvre et al., 2016;;Lower Fezouata Shale;;;;;;;;;;;
454;;;;;Acanthodiacrodium formosum;;Lefebvre et al., 2016;;Lower Fezouata Shale;;;;;;;;;;;
455;;;;;Acanthodiacrodium hirtum;;Lefebvre et al., 2016;;Lower Fezouata Shale;;;;;;;;;;;
456;;;;;Acanthodiacrodium simplex;;Lefebvre et al., 2016;;Lower Fezouata Shale;;;;;;;;;;;
457;;;;;Acanthodiacrodium ubui;;Lefebvre et al., 2016;;Lower Fezouata Shale;;;;;;;;;;;
458;;;;;Acanthodiacrodium uniforme;;Lefebvre et al., 2016;;Lower Fezouata Shale;;;;;;;;;;;
459;;;;;Acanthodiacrodium sp.;;Lefebvre et al., 2016;;Lower Fezouata Shale;;;;;;;;;;;
460;;;;;Actinotodissus sp.;;Lefebvre et al., 2016;;Lower Fezouata Shale;;;;;;;;;;;
461;;;;;Arbusculidium destombesii;;Lefebvre et al., 2016;;Lower Fezouata Shale;;;;;;;;;;;
462;;;;;Arbusculidium frondiferum;;Lefebvre et al., 2016;;Lower Fezouata Shale;;;;;;;;;;;
463;;;;;Baltisphaeridium hirsutoides;;Lefebvre et al., 2016;;Lower Fezouata Shale;;;;;;;;;;;
464;;;;;Baltisphaeridium cf. multipilosum;;Lefebvre et al., 2016;;Lower Fezouata Shale;;;;;;;;;;;
465;;;;;Baltisphaeridium? sp.;;Lefebvre et al., 2016;;Lower Fezouata Shale;;;;;;;;;;;
466;;;;;Baltisphaerosum cf. annelieae;;Lefebvre et al., 2016;;Lower Fezouata Shale;;;;;;;;;;;
467;;;;;Baltisphaerosum granosum;;Lefebvre et al., 2016;;Lower Fezouata Shale;;;;;;;;;;;
468;;;;;Cymatiogalea bellicosa;;Lefebvre et al., 2016;;Lower Fezouata Shale;;;;;;;;;;;
469;;;;;Cymatiogalea cristata;;Lefebvre et al., 2016;;Lower Fezouata Shale;;;;;;;;;;;
470;;;;;Cymatiogalea cf. cristata;;Lefebvre et al., 2016;;Lower Fezouata Shale;;;;;;;;;;;
471;;;;;Cymatiogalea cuvillieri;;Lefebvre et al., 2016;;Lower Fezouata Shale;;;;;;;;;;;
472;;;;;Cymatiogalea cf. cuvillieri;;Lefebvre et al., 2016;;Lower Fezouata Shale;;;;;;;;;;;
473;;;;;Cymatiogalea velifera;;Lefebvre et al., 2016;;Lower Fezouata Shale;;;;;;;;;;;
474;;;;;Cymatiogalea messaoudensis;;Nowak et al., 2016 ? ;;;;;;;;;;;;;
475;;;;;Electoriskos zagoraensis;;Lefebvre et al., 2016;;Lower Fezouata Shale;;;;;;;;;;;
476;;;;;Eupoikilofusa squama;;Lefebvre et al., 2016;;Lower Fezouata Shale;;;;;;;;;;;
477;;;;;Glaucotesta latiramosa;;Lefebvre et al., 2016;;Lower Fezouata Shale;;;;;;;;;;;
478;;;;;Goniosphaeridium tener;;Lefebvre et al., 2016;;Lower Fezouata Shale;;;;;;;;;;;
479;;;;;Goniosphaeridium uncinatum;;Lefebvre et al., 2016;;Lower Fezouata Shale;;;;;;;;;;;
480;;;;;Impliviculus miloni;;Lefebvre et al., 2016;;Lower Fezouata Shale;;(Impluviculus milonii ?);;;;;;;;;
481;;;;;Leiofusa simplex;;Lefebvre et al., 2016;;Lower Fezouata Shale;;;;;;;;;;;
482;;;;;Priscotheca complanata;;Lefebvre et al., 2016;;Lower Fezouata Shale;;;;;;;;;;;
483;;;;;Priscotheca prismatica;;Lefebvre et al., 2016;;Lower Fezouata Shale;;;;;;;;;;;
484;;;;;Priscotheca raia;;Lefebvre et al., 2016;;Lower Fezouata Shale;;;;;;;;;;;
485;;;;;Stelliferidium barbarum;;Lefebvre et al., 2016;;Lower Fezouata Shale;;;;;;;;;;;
486;;;;;Stelliferidium cylindrata;;Lefebvre et al., 2016;;Lower Fezouata Shale;;;;;;;;;;;
487;;;;;Stelliferidium distincta;;Lefebvre et al., 2016;;Lower Fezouata Shale;;;;;;;;;;;
488;;;;;Stelliferidium cf. gautieri;;Lefebvre et al., 2016;;Lower Fezouata Shale;;;;;;;;;;;
489;;;;;Stelliferidium cf. simplex;;Lefebvre et al., 2016;;Lower Fezouata Shale;;;;;;;;;;;
490;;;;;Stelliferidium stelligerum;;Lefebvre et al., 2016;;Lower Fezouata Shale;;;;;;;;;;;
491;;;;;Stelligeridium sp. 1;;Lefebvre et al., 2016;;Lower Fezouata Shale;;;;;;;;;;;
492;;;;;Stelligeridium sp. 2;;Lefebvre et al., 2016;;Lower Fezouata Shale;;;;;;;;;;;
493;;;;;Trochosphaeridium annolavaense;;Lefebvre et al., 2016;;Lower Fezouata Shale;;;;;;;;;;;
494;;;;;Veryhachium miloni;;Lefebvre et al., 2016;;Lower Fezouata Shale;;;;;;;;;;;
495;;;;;Veryhachium? sp.;;Lefebvre et al., 2016;;Lower Fezouata Shale;;;;;;;;;;;
496;;;;;Vulcanisphaera africana;;Lefebvre et al., 2016;;Lower Fezouata Shale;;;;;;;;;;;
497;;;;;Vulcanisphaera britannica;;Lefebvre et al., 2016;;Lower Fezouata Shale;;;;;;;;;;;
498;;;;;Vulcanisphaera frequens;;Lefebvre et al., 2016;;Lower Fezouata Shale;;;;;;;;;;;
499;Chitinozoans;;;;Conochitina poumoti;;Lefebvre et al., 2016;;Lower Fezouata Shale;;;;;;;;;;;
500;;;;;Conochitina sp. ;;Lefebvre et al., 2016;;Upper Fezouata Shale;;;;;;;;;;;
501;;;;;Lagenochitina destombesi;;Lefebvre et al., 2016;;Lower Fezouata Shale;;;;;;;;;;;
502;;;;;Lagenochitina esthonica;;Lefebvre et al., 2016;;Lower Fezouata Shale;;;;;;;;;;;
503;;;;;Lagenochitina cf. obeligis;;Nowak et al., 2016 ? ;;;;;;;;;;;;;
504;;;;;Lagenochitina ventriosa;;Lefebvre et al., 2016;;Lower Fezouata Shale;;;;;;;;;;;
505;;;;;Eremochitina baculata brevis;;Lefebvre et al., 2016;;Upper Fezouata Shale;;;;;;;;;;;
